is Elon Musk,created at,source,possibly sensitive,text,lang,has_link,has_hashtag,has_at,has_emoji,has_text,sentiment,retweet count,reply count,like count,quote count
False,2022-12-10 21:38:10+00:00,Twitter Web App,False,thanks for your patience as weâ€™ve worked to make Blue better â€“ weâ€™re excited and looking forward to sharing more with you soon!,en,1,0,0,0,0,0.33999999999999997,394,292,4213,21
False,2022-12-10 21:38:10+00:00,Twitter Web App,False,"subscribers will be able to change their handle, display name or profile photo, but if they do theyâ€™ll temporarily lose the blue checkmark until their account is reviewed again",en,1,0,0,0,0,0.25,438,172,4090,257
False,2022-12-10 21:38:09+00:00,Twitter Web App,False,"weâ€™ll begin replacing that â€œofficialâ€ label with a gold checkmark for businesses, and later in the week a grey checkmark for government and multilateral accounts",en,1,0,0,0,0,0.016666666666666666,501,210,4003,469
False,2022-12-10 21:38:09+00:00,Twitter Web App,False,"when you subscribe youâ€™ll get Edit Tweet, 1080p video uploads, reader mode, and a blue checkmark (after your account has been reviewed)",en,1,0,0,0,0,0.0,1193,445,12718,366
False,2022-12-10 21:38:08+00:00,Twitter Web App,False,"weâ€™re relaunching @TwitterBlue on Monday â€“ subscribe on web for $8/month or on iOS for $11/month to get access to subscriber-only features, including the blue checkmark ğŸ§µ https://t.co/DvvsLoSO50",en,1,1,0,0,1,0.0,4376,4054,25240,3482
False,2022-10-13 20:47:08+00:00,Twitter for iPhone,False,a hit Tweet https://t.co/VGrsylXB8D https://t.co/2C7cah4KzW,en,1,1,0,0,0,0.0,1982,4239,40045,548
False,2022-10-05 18:40:30+00:00,Twitter for  iPhone,False,"whoa, it works

now everyone can mix GIFs, videos, and images in one Tweet, available on iOS and Android https://t.co/3OQ4eGsUku https://t.co/LVVolAQPZi",en,1,1,0,0,0,0.4,3272,2540,20047,1140
False,2022-09-01 12:40:08+00:00,Sprinklr,False,"if you see an edited Tweet it's because we're testing the edit button

this is happening and you'll be okay",en,1,0,0,0,0,0.5,48552,21597,372404,59820
False,2022-08-30 19:21:35+00:00,Sprinklr,False,who is brave enough to add us to their Twitter Circle?,en,1,0,0,0,0,0.4,4132,7587,51430,1758
False,2022-08-30 13:00:24+00:00,Sprinklr,False,"giving you all Twitter Circle because sometimes your Tweets arenâ€™t for everyone 

add up to 150 people to yours and use it. please. https://t.co/D6AE4OhRX5",en,1,1,0,0,0,0.0,2241,1928,16280,2279
False,2022-08-11 16:30:31+00:00,Sprinklr,False,will follow anyone who makes us laugh,en,1,0,0,0,0,0.3,9983,48224,138778,2590
False,2022-08-05 18:13:46+00:00,Twitter Web App,False,RT if you just closed and reopened this app,en,1,0,0,0,0,-0.1,15821,3094,35154,611
False,2022-07-26 16:28:54+00:00,Sprinklr,False,wishing everyone with less than 350 followers a very nice day,en,1,0,0,0,0,0.3066666666666667,75032,72966,941408,31396
False,2022-06-30 17:52:17+00:00,Sprinklr,False,if you've ever stolen a Tweet say sorry,en,1,0,0,0,0,-0.5,12214,15653,117172,6603
False,2022-06-23 19:48:13+00:00,Sprinklr,False,we would know,en,1,0,0,0,0,0.0,732,966,20529,102
False,2022-06-23 19:46:10+00:00,Sprinklr,False,ratios build character,en,1,0,0,0,0,0.0,10367,4927,135484,1928
False,2022-04-01 17:50:07+00:00,Twitter Web App,False,we are working on an edit button,en,1,0,0,0,0,0.0,116396,62729,1313132,134312
False,2022-03-30 16:30:38+00:00,Sprinklr,False,you good?,en,1,0,0,0,0,0.7,41536,61375,481541,50114
False,2022-03-23 20:02:12+00:00,Sprinklr,False,now you can search for really important things in your DMs https://t.co/pZP6TMYyEN,en,1,1,0,0,0,0.4,2427,2303,27344,1374
False,2022-02-17 22:20:46+00:00,Twitter Web App,False,https://t.co/824UoJmqtx,zxx,0,1,0,0,0,0.0,721,1044,5394,86
False,2022-02-17 19:01:44+00:00,Sprinklr,False,we asked the engineers if we could pin a DM and they said NO! YOU CAN PIN SIX!,en,1,0,0,0,0,0.0,4443,4210,46567,2030
False,2022-02-16 20:09:57+00:00,Sprinklr,False,laughing but crying,en,1,0,0,0,0,-0.2,14095,4029,92098,2535
False,2022-02-14 01:01:53+00:00,Twitter Web App,False,this Tweet is our Super Bowl commercial,en,1,0,0,0,0,0.16666666666666666,3529,2046,47146,285
False,2022-02-11 12:55:37+00:00,Sprinklr,False,"oh good you're up, here are a million Tweets to look at",en,1,0,0,0,0,0.7,4749,3286,59447,495
False,2022-02-08 16:13:31+00:00,Sprinklr,False,"you ever think about Fleets? 
same.",en,1,0,0,0,0,0.0,12250,12024,117444,25611
False,2022-01-20 18:46:54+00:00,Sprinklr,False,"gm, looking for an nft pfp",de,1,0,0,0,0,0.0,5610,15789,51128,6634
False,2022-01-18 13:15:10+00:00,Twitter Web App,False,https://t.co/4FoQ6qbQWn,zxx,0,1,0,0,0,0.0,4260,2013,26805,12995
False,2022-01-18 13:15:06+00:00,Twitter Web App,False,"ğŸ“ Los Angeles, CA https://t.co/oquJcqUzkR",es,1,1,0,0,1,0.0,14380,869,94210,1937
False,2022-01-18 13:15:05+00:00,Twitter Web App,False,"ğŸ“ Los Angeles, CA https://t.co/lqRfzPHkkQ",es,1,1,0,0,1,0.0,1078,153,13293,106
False,2022-01-18 13:15:03+00:00,Twitter Web App,False,"ğŸ“ Los Angeles, CA https://t.co/PwK7CnaUuh",es,1,1,0,0,1,0.0,928,86,13189,57
False,2022-01-18 13:15:02+00:00,Twitter Web App,False,"ğŸ“ Chicago, IL https://t.co/E2uj4qkIW3",es,1,1,0,0,1,0.0,1083,97,13574,49
False,2022-01-18 13:15:00+00:00,Twitter Web App,False,"ğŸ“ Toronto, ON https://t.co/5hdKHKBDHS",en,1,1,0,0,1,0.0,772,106,13452,66
False,2022-01-18 13:14:59+00:00,Twitter Web App,False,"ğŸ“ San Francisco, CA https://t.co/mE4cB9jMs6",es,1,1,0,0,1,0.0,1353,86,17688,65
False,2022-01-18 13:14:58+00:00,Twitter Web App,False,"ğŸ“ Chicago, IL https://t.co/nWlMYsY1S7",es,1,1,0,0,1,0.0,2258,114,24961,248
False,2022-01-18 13:14:56+00:00,Twitter Web App,False,"ğŸ“ Chicago, IL https://t.co/kdu4yVc4Zj",es,1,1,0,0,1,0.0,2961,154,26649,387
False,2022-01-18 13:14:55+00:00,Twitter Web App,False,"ğŸ“ New York, NY https://t.co/JfpDxk3Bwa",en,1,1,0,0,1,0.13636363636363635,1210,68,18179,82
False,2022-01-18 13:14:54+00:00,Twitter Web App,False,"ğŸ“ Toronto, ON https://t.co/ztK1awKR9O",en,1,1,0,0,1,0.0,4206,110,30517,426
False,2022-01-18 13:14:52+00:00,Twitter Web App,False,"ğŸ“ Hollywood, CA https://t.co/fe4eWzIulj",en,1,1,0,0,1,0.0,3026,115,34733,335
False,2022-01-18 13:14:50+00:00,Twitter Web App,False,"if you can dream it, Tweet it

ğŸ“ New York, NY https://t.co/dLx1wCnlRY",en,1,1,0,0,1,0.13636363636363635,78049,8189,800531,18424
False,2022-01-13 17:08:13+00:00,Sprinklr,False,"2 Retweets, that's a hit",en,1,0,0,0,0,0.0,15989,4131,89107,1311
False,2022-01-10 16:07:21+00:00,Sprinklr,False,may your Tweets prosper and you never be ratioed,en,1,0,0,0,0,0.0,10364,3712,121310,1329
False,2022-01-01 21:45:08+00:00,Sprinklr,False,let's just see how this one goes,en,1,0,0,0,0,0.0,19661,4232,190975,1555
False,2021-12-31 16:02:48+00:00,Sprinklr,False,thatâ€™s a wrap on another totally normal year,en,1,0,0,0,0,0.15,13935,2486,96345,1211
False,2021-12-28 18:56:48+00:00,Sprinklr,False,welp https://t.co/nToVEPbULu,en,1,1,0,0,0,0.0,16751,2103,192281,787
False,2021-12-22 15:49:22+00:00,Sprinklr,False,just Tweeting through it,en,1,0,0,0,0,0.0,8228,3589,66910,901
False,2021-12-14 16:49:51+00:00,Sprinklr,False,Twitter is a book you'll never finish,en,1,0,0,0,0,0.0,13587,4885,95602,1967
False,2021-12-06 19:52:06+00:00,Sprinklr,False,"to everyone procrastinating, you've come to the right place",en,1,0,0,0,0,0.2857142857142857,21710,3376,131856,3953
False,2021-12-02 16:25:06+00:00,Sprinklr,False,cheers to all the Tweets that made it to IG this year,en,1,0,0,0,0,0.0,11755,3383,116218,1358
False,2021-11-22 17:59:36+00:00,Sprinklr,False,your typo makes it original,en,1,0,0,0,0,0.375,11851,5945,106048,4407
False,2021-11-17 17:30:01+00:00,Sprinklr,False,"you're doing great, even if your Tweets aren't",en,1,0,0,0,0,0.8,25454,7599,149736,5948
False,2021-10-28 22:12:31+00:00,Sprinklr,False,BIG NEWS lol jk still Twitter,en,1,0,0,0,0,0.4,29474,7256,261544,6082
False,2021-10-12 19:25:48+00:00,Sprinklr,False,â€œIâ€™m not on Twitterâ€ ğŸš©ğŸš©ğŸš©ğŸš©ğŸš©ğŸš©ğŸš©ğŸš©ğŸš©ğŸš©ğŸš©ğŸš©ğŸš©ğŸš©ğŸš©ğŸš©ğŸš©ğŸš©ğŸš©ğŸš©ğŸš©ğŸš©ğŸš©ğŸš©ğŸš©ğŸš©ğŸš©ğŸš©ğŸš©ğŸš©ğŸš©ğŸš©ğŸš©ğŸš©ğŸš©ğŸš©ğŸš©ğŸš©ğŸš©ğŸš©ğŸš©ğŸš©ğŸš©ğŸš©ğŸš©ğŸš©ğŸš©ğŸš©,en,1,0,0,0,1,0.0,28209,7135,195120,5357
False,2021-10-08 16:22:33+00:00,Sprinklr,False,the timeline is in retrograde,en,1,0,0,0,0,0.0,5243,2874,75231,702
False,2021-10-04 17:27:47+00:00,Sprinklr,False,hello literally everyone,en,1,0,0,0,0,0.0,556724,110841,3191530,191703
False,2021-10-01 16:01:49+00:00,Sprinklr,False,apparently it's october,en,1,0,0,0,0,0.05,18060,5898,158555,2757
False,2021-09-23 17:00:44+00:00,Twitter Web App,False,oh you also love money? hereâ€™s how to send and receive Tips https://t.co/tCnzgrJEGE,en,1,1,0,0,0,0.5,734,477,6394,361
False,2021-09-23 17:00:43+00:00,Twitter Web App,False,"tested the Tips feature, turns out people love money

rolling out on iOS with Android coming soon https://t.co/pkmLHzg6fu",en,1,1,0,0,0,0.5,1901,1179,12092,815
False,2021-09-21 19:20:02+00:00,Sprinklr,False,"well, well, well",en,1,0,0,0,0,0.0,8558,8514,92208,3674
False,2021-09-15 14:19:46+00:00,Sprinklr,False,ok but why should we follow you,en,1,0,0,0,0,0.5,6418,30949,166663,4720
False,2021-09-13 18:08:59+00:00,Sprinklr,False,hello to everyone reading this while you should be doing something else,en,1,0,0,0,0,0.0,13881,5507,102849,3480
False,2021-09-09 15:37:50+00:00,Twitter Web App,False,virgos donâ€™t need an edit button,en,1,0,0,0,0,0.0,8631,3813,54893,4644
False,2021-09-02 16:11:25+00:00,Sprinklr,False,"we were rooting for you, september",en,1,0,0,0,0,0.0,7750,2666,62157,1008
False,2021-08-11 17:13:35+00:00,Twitter Web App,False,okay confirmed it did,en,1,0,0,0,0,0.45,2720,2124,40934,1714
False,2021-08-11 17:11:47+00:00,Sprinklr,False,wait did our font change?,fr,1,0,0,0,0,0.0,11198,14724,96950,25210
False,2021-08-03 17:24:55+00:00,Sprinklr,False,if you see a Fleet no you didn't https://t.co/4rKI7f45PL,en,1,1,0,0,0,0.0,12557,4243,77098,6812
False,2021-07-16 15:46:33+00:00,Sprinklr,False,https://t.co/VpfGjBO7LF,zxx,0,1,0,0,0,0.0,2415,2213,30836,443
False,2021-07-14 17:28:53+00:00,Sprinklr,False,"we're removing Fleets on August 3, working on some new stuff

we're sorry or you're welcome",en,1,0,0,0,0,0.14545454545454548,73834,27026,484179,126432
False,2021-07-09 16:05:33+00:00,Sprinklr,False,"are we tired? yes! 
are we tired of talking about it? no!",en,1,0,0,0,0,-0.5,7899,2736,52845,1136
False,2021-06-30 13:25:01+00:00,Twitter Web App,False,"First Born

Check in on your Tweets. https://t.co/qrKHOeVxtU",en,1,1,0,0,0,0.25,2585,5796,13402,668
False,2021-06-30 13:24:56+00:00,Twitter Web App,False,"Building Characters
 
The Great Glow Up https://t.co/2VQ7ZGcr5q",en,1,1,0,0,0,0.8,1455,2153,8395,171
False,2021-06-30 13:24:51+00:00,Twitter Web App,False,"Rare Form

Thatâ€™s it. Thatâ€™s the logo. https://t.co/d6KQWzkczP",en,1,1,0,0,0,0.3,1743,2782,9958,324
False,2021-06-30 13:24:46+00:00,Twitter Web App,False,"twttr jggl

You are what you Tweet. https://t.co/gQwNikTXrN",en,1,1,0,0,0,0.0,1187,1902,6208,165
False,2021-06-30 13:24:42+00:00,Twitter Web App,False,"Furry Twitter

Like but donâ€™t touch. https://t.co/oFTngwhJms",en,1,1,0,0,0,0.0,2522,3684,14723,1382
False,2021-06-30 13:24:40+00:00,Twitter Web App,False,"Vitamin T

Take daily for a good time. https://t.co/xbc2ByTDef",en,1,1,0,0,0,0.35,1547,2625,7931,1163
False,2021-06-30 13:24:34+00:00,Twitter Web App,False,"Reply Guy

The man behind the mansplaining. https://t.co/H5YdNxVUvl",en,1,1,0,0,0,-0.4,1419,2440,6998,314
False,2021-06-30 13:24:29+00:00,Twitter Web App,False,"140 free NFTs for 140 of you, besties https://t.co/0Pm0tNhIRg",en,1,1,0,0,0,0.4,12553,27782,44588,5366
False,2021-06-29 16:22:00+00:00,Sprinklr,False,"you don't need an edit button, you just need to forgive yourself",en,1,0,0,0,0,0.0,36845,8351,156147,16975
False,2021-06-22 19:34:25+00:00,Sprinklr,False,"pls stop posting screenshots of Tweets on IG Stories. you can now share Tweets directly on iOS. 

-management https://t.co/wpjnElsRTK",en,1,1,0,0,0,0.1,3911,1887,20458,1828
False,2021-06-15 18:26:40+00:00,Sprinklr,False,zero likes is a vibe,en,1,0,0,0,0,0.0,11168,5147,88108,2413
False,2021-06-10 16:13:38+00:00,Sprinklr,False,"how are you, lies only",en,1,0,0,0,0,0.0,7145,21244,77037,10299
False,2021-05-28 18:11:35+00:00,Sprinklr,False,if you put it in your Twitter bio it must be true,en,1,0,0,0,0,0.35,8209,5307,67403,3800
False,2021-05-27 17:27:40+00:00,Sprinklr,False,a gemini will like your Tweet and then block you,en,1,0,0,0,0,0.0,4997,3242,46849,2562
False,2021-05-24 23:20:58+00:00,Sprinklr,False,quick go and find a Tweet that doesn't have any likes and try this https://t.co/AGDvYXJ8lR,en,1,1,0,0,0,0.3333333333333333,5168,4400,89914,4180
False,2021-05-20 17:33:14+00:00,Twitter Web App,False,may the odds be in your favor https://t.co/66HISOLDFv,en,1,1,0,0,0,0.0,997,874,8693,130
False,2021-05-10 20:46:26+00:00,Sprinklr,False,your Twitter personality in one pic,en,1,0,0,0,0,0.0,3704,13348,63853,43818
False,2021-05-07 17:47:51+00:00,Sprinklr,False,"open Twitter 
close Twitter
open Twitter 
close Twitter",en,1,0,0,0,0,0.0,20020,5736,122338,3866
False,2021-05-05 19:32:28+00:00,Sprinklr,False,"no bird too tall, no crop too short

introducing bigger and better images on iOS and Android, now available to everyone https://t.co/2buHfhfRAx",en,1,1,0,0,0,0.3,9451,3207,63680,11194
False,2021-04-28 15:19:27+00:00,Sprinklr,False,writing a good Tweet is hard okay,en,1,0,0,0,0,0.30277777777777776,13336,5495,103052,2478
False,2021-04-27 15:10:47+00:00,Sprinklr,False,everything is happening so much,en,1,0,0,0,0,0.2,12989,3753,76898,1923
False,2021-04-21 00:05:46+00:00,Sprinklr,False,the work continues https://t.co/UoTyQ9ECpa,en,1,1,0,0,0,0.0,605,784,5964,96
False,2021-04-20 17:52:13+00:00,Sprinklr,False,"now you can bless the Tweets in your Fleets with pics of baby pigeons or whatever pics and vids you want really

rolling out on iOS https://t.co/LAtuRvTTFv",en,1,1,0,0,0,0.0,729,783,5368,228
False,2021-04-08 23:48:06+00:00,Twitter for iPhone,False,"RT for tired, like for very tired",en,1,0,0,0,0,-0.46,19808,2626,113966,1309
False,2021-04-06 17:46:57+00:00,Twitter Web App,False,do they like you or do they just like your Tweet,en,1,0,0,0,0,0.0,7830,5339,63821,4126
False,2021-04-01 18:27:57+00:00,Twitter Web App,False,end of thread,en,1,0,0,0,0,0.0,1299,733,40584,150
False,2021-04-01 18:16:03+00:00,Twitter Web App,False,a thread of funny april fools' jokes:,en,1,0,0,0,0,0.25,7647,3362,78366,863
False,2021-03-29 18:06:45+00:00,Twitter Web App,False,the boat made it and so can you,en,1,0,0,0,0,0.0,32210,3659,159896,3507
False,2021-03-26 17:30:53+00:00,Twitter Web App,False,subtweeting is an art,en,1,0,0,0,0,0.0,6554,4282,71033,1715
False,2021-03-17 19:06:25+00:00,Sprinklr,False,"#StopAsianHate
#StopAsianHate
#StopAsianHate
#StopAsianHate
#StopAsianHate
#StopAsianHate
#StopAsianHate
#StopAsianHate",qht,0,0,1,1,0,0.0,71006,4652,198061,4204
False,2021-03-12 16:26:48+00:00,Twitter Web App,False,0 days since someone asked for an edit button,en,1,0,0,0,0,0.0,52154,22797,667179,20980
False,2021-03-11 15:00:40+00:00,Sprinklr,False,"Weâ€™re working on something we think youâ€™ll love â€” Twitter Spaces!

Still in test mode but rolling out soon. Hereâ€™s a peek at what everybodyâ€™s talking about... https://t.co/KMXzmKzbDp",en,1,1,0,0,0,0.5,2796,2275,13819,3742
False,2021-03-10 00:05:32+00:00,Sprinklr,False,some Tweets belong in the drafts,en,1,0,0,0,0,0.0,33733,4978,204212,6020
False,2021-03-04 16:34:59+00:00,Sprinklr,False,"writing bios today, who wants one?",en,1,0,0,0,0,0.2,6519,40175,140738,1569
False,2021-03-02 16:20:58+00:00,Sprinklr,False,manifesting...,en,1,0,0,0,0,0.0,16911,10797,155018,27143
False,2021-02-24 16:03:17+00:00,Sprinklr,False,who should we follow today?,en,1,0,0,0,0,0.0,13050,70197,238952,8092
False,2021-02-19 16:52:21+00:00,Sprinklr,False,itâ€™s good Tweet it,en,1,0,0,0,0,0.7,10862,7085,110312,2850
False,2021-02-18 15:26:00+00:00,Sprinklr,False,"youâ€™re going to Mars. 
whoâ€™s your +1?",en,1,0,0,0,0,0.0,9211,21327,141478,9116
False,2021-02-12 17:03:43+00:00,Sprinklr,False,"roses are red 
our avi is blue 
if you're single
we'll reply to you",en,1,0,0,0,0,0.0,26037,53356,241638,5956
False,2021-02-11 18:25:19+00:00,Sprinklr,False,reminder that you can mute words https://t.co/qDHGjP7XoP,en,1,1,0,0,0,0.0,57601,6990,259007,19067
False,2021-02-08 19:30:27+00:00,Sprinklr,False,memes have expiration dates,en,1,0,0,0,0,0.0,23518,12363,246939,6677
False,2021-02-04 19:58:07+00:00,Sprinklr,False,thinking about oomf,en,1,0,0,0,0,0.0,22980,7225,172214,10038
False,2021-02-03 16:19:19+00:00,Sprinklr,False,it's ok to Tweet before you text back,en,1,0,0,0,0,0.25,123372,9986,693736,17757
False,2021-02-02 15:46:00+00:00,Sprinklr,False,5 likes is a lot,en,1,0,0,0,0,0.0,68408,22761,940541,21664
False,2021-01-01 14:56:49+00:00,Twitter Web App,False,"the bar is low, 2021",en,1,0,0,0,0,0.0,91488,10602,741166,7183
False,2020-12-22 15:02:22+00:00,Sprinklr,False,roast 2020. go.,en,1,0,0,0,0,0.0,14570,30634,139175,6358
False,2020-12-21 23:21:20+00:00,Twitter for iPhone,False,ğŸ—£ @_major_williams https://t.co/hqS0XRDQJG,und,0,1,0,0,1,0.0,4037,878,30345,421
False,2020-12-21 23:21:19+00:00,Twitter for iPhone,False,ğŸ—£ @rynfitz https://t.co/Imy12dEThs,und,0,1,0,0,1,0.0,2122,495,22536,136
False,2020-12-21 23:21:18+00:00,Twitter for iPhone,False,ğŸ—£ @_aanittangele https://t.co/4Kto7VP11u,und,0,1,0,0,1,0.0,1029,223,11825,64
False,2020-12-21 17:15:17+00:00,Twitter for iPhone,False,ğŸ—£ @denzeldion https://t.co/TbWF2Nu868,und,0,1,0,0,1,0.0,2786,230,24868,149
False,2020-12-21 17:15:16+00:00,Twitter for iPhone,False,ğŸ—£ @fatihaxuddin https://t.co/L5didoUR7E,und,0,1,0,0,1,0.0,4163,355,26321,411
False,2020-12-21 17:15:15+00:00,Twitter for iPhone,False,ğŸ—£ @omoalufaaa https://t.co/dhqsyUrk7P,und,0,1,0,0,1,0.0,6119,231,31466,497
False,2020-12-21 17:15:13+00:00,Twitter for iPhone,False,ğŸ—£ @angiecthomas https://t.co/IuZCfe2vGI,und,0,1,0,0,1,0.0,1635,51,10456,120
False,2020-12-21 17:15:11+00:00,Twitter for iPhone,False,ğŸ—£ @lauren_lablue https://t.co/gbzG3ukvxK,und,0,1,0,0,1,0.0,2515,176,18072,510
False,2020-12-21 17:15:10+00:00,Twitter for iPhone,False,ğŸ—£ @renaissance1018 https://t.co/wnWAn6VtVS,und,0,1,0,0,1,0.0,963,68,8553,71
False,2020-12-21 17:15:08+00:00,Twitter for iPhone,False,ğŸ—£ @dionnewarwick https://t.co/Hrl3QTnFIP,und,0,1,0,0,1,0.0,50318,2207,316558,3140
False,2020-12-16 23:22:28+00:00,Sprinklr,False,Weâ€™re switching back. You can now choose to Retweet or Quote Tweet the way you did before. https://t.co/4ZAE6Ax8Vn,en,1,1,0,0,0,0.0,50522,13993,190884,41099
False,2020-12-10 19:02:30+00:00,Sprinklr,False,Thereâ€™s more! Weâ€™ll also be testing sharing Tweets to IG Stories to a small % so keep an eye out,en,1,0,0,0,0,0.1875,465,465,4768,424
False,2020-12-10 18:02:50+00:00,Sprinklr,False,"Oh snap! ğŸ‘»

Sharing Tweets directly to your Snapchat Stories is now easier than ever. Rolling out today on iOS! https://t.co/0LIHQhmCKu",en,1,1,0,0,1,0.125,1029,963,8057,1003
False,2020-12-03 17:00:13+00:00,Sprinklr,False,2020 in one word,en,1,0,0,0,0,0.0,20352,108754,242132,100803
False,2020-11-17 23:11:53+00:00,Sprinklr,False,"some of you hating...

but we see you Fleeting ğŸ§",en,1,0,0,0,1,0.0,31738,17441,257560,39290
False,2020-11-17 13:00:18+00:00,Sprinklr,False,"That thing you didnâ€™t Tweet but wanted to but didnâ€™t but got so close but then were like nah. 

We have a place for that nowâ€”Fleets! 

Rolling out to everyone starting today. https://t.co/auQAHXZMfH",en,1,1,0,0,0,0.0,10391,10903,68261,49543
False,2020-11-02 17:22:14+00:00,Sprinklr,False,breathe,en,1,0,0,0,0,0.0,43122,15330,218515,19735
False,2020-10-26 20:20:11+00:00,Sprinklr,False,If the moon can hydrate so can you,en,1,0,0,0,0,0.0,14152,2947,92161,1976
False,2020-10-21 20:02:55+00:00,Sprinklr,False,"Reading an article before Retweeting it? Thatâ€™s growth.

Before you Retweet an article, weâ€™ll remind you to read it first. https://t.co/oVyTmSCc7O",en,1,1,0,0,0,0.25,2822,1623,12028,1469
False,2020-10-21 13:03:15+00:00,Sprinklr,False,"Hey everyone, we made a temporary change to the Retweet function. 

When you hit the Retweet button, you can either add a comment to Quote Tweet or leave it blank and hit the Retweet button. https://t.co/SkkoqAqXsV",en,1,1,0,0,0,0.0,44119,15425,55035,44743
False,2020-09-21 19:56:02+00:00,Sprinklr,False,"The only thing we want going viral is this Tweet

#WearAMask",en,1,0,1,1,0,0.0,32252,6617,148231,3467
False,2020-09-21 18:03:52+00:00,Twitter for iPhone,False,"ğŸ“ Chicago
ğŸ˜· @idkdenice https://t.co/h947Nl1hNr",es,1,1,0,0,1,0.0,1309,263,8697,239
False,2020-09-21 18:03:50+00:00,Twitter for iPhone,False,"ğŸ“ New York City
ğŸ˜· @TaraSlone https://t.co/sHJBNlsSHb",en,1,1,0,0,1,0.13636363636363635,611,256,6485,81
False,2020-09-21 18:03:49+00:00,Twitter for iPhone,False,"ğŸ“ Seattle
ğŸ˜· @lightstairs_ https://t.co/6YLI0erzl2",en,1,1,0,0,1,0.0,116,26,1174,5
False,2020-09-21 18:03:47+00:00,Twitter for iPhone,False,"ğŸ“Miami
ğŸ˜· @CaitlinDineen https://t.co/mzMoNVg87D",it,1,1,0,0,1,0.0,163,19,1348,6
False,2020-09-21 18:03:46+00:00,Twitter for iPhone,False,"ğŸ“ Los Angeles
ğŸ˜· @24tog https://t.co/b9x2UsoH7l",es,1,1,0,0,1,0.0,179,34,1631,20
False,2020-09-21 18:03:44+00:00,Twitter for iPhone,False,"ğŸ“ New Jersey
ğŸ˜· @umm_ahaha https://t.co/TzQF0FUHC6",en,1,1,0,0,1,0.13636363636363635,1697,551,14613,208
False,2020-09-14 22:14:13+00:00,Twitter Web App,False,Paul Rudd must want an edit button,en,1,0,0,0,0,0.0,2138,2096,35067,838
False,2020-09-04 16:11:32+00:00,Sprinklr,False,"PLEASE WEAR A MASK

...also if someone can screenshot this and post it on IG that would be great",en,1,0,0,0,0,0.8,29135,3768,158413,2412
False,2020-09-02 15:33:49+00:00,Sprinklr,False,Well that didn't work https://t.co/AS3o3Hh4Vq,en,1,1,0,0,0,0.0,54932,4049,353612,3643
False,2020-09-01 13:05:59+00:00,Sprinklr,False,Oh look another month,en,1,0,0,0,0,0.0,44859,4218,252573,3729
False,2020-08-31 22:02:41+00:00,Sprinklr,False,"Three thingsâ€”

1. ""Retweets with comments"" is changing to ""Quote Tweets""

2. Quote Tweets will appear right next to Retweets

3. The mask goes over your nose https://t.co/x00YTZSAFs",en,1,1,0,0,0,0.14285714285714285,13529,1900,64093,2896
False,2020-08-29 20:39:00+00:00,Sprinklr,False,"Most liked Tweet ever.  

A tribute fit for a King. 

#WakandaForever https://t.co/lpyzmnIVoP",en,1,1,1,1,0,0.5,73724,2575,450516,3091
False,2020-08-11 19:00:50+00:00,Twitter Web App,False,"hey @OscarTheGrouch, what do you think of 2020?",en,1,0,0,0,0,0.0,1172,1,10037,445
False,2020-08-11 17:35:57+00:00,Twitter Web App,False,"We tested, you Tweeted, and now weâ€™re rolling it out to everyone! https://t.co/w6Q3Q6DiKz",en,1,1,0,0,0,0.0,1404,806,5624,1084
False,2020-07-30 10:51:12+00:00,Twitter Web App,False,"Take us with you, @NASAPersevere",en,1,0,0,0,0,0.0,2978,1,24292,1037
False,2020-07-29 19:19:29+00:00,Sprinklr,False,Who wants to be transported off this planet?,en,1,0,0,0,0,0.2,36623,20196,323068,13137
False,2020-07-29 18:23:15+00:00,Sprinklr,False,Like for liftoff! #CountdownToMars https://t.co/yLe331pHfY,en,1,1,1,1,0,0.0,6113,910,80088,1493
False,2020-07-15 20:51:47+00:00,Twitter Web App,False,"Slide into those DMs without clicking away from your timeline.

Rolling out on web. https://t.co/BdaeYoyPu2",en,1,1,0,0,0,0.0,1091,1302,6993,1867
False,2020-07-02 18:53:14+00:00,Twitter Web App,False,You can have an edit button when everyone wears a mask,en,1,0,0,0,0,0.0,610409,37123,2611073,101442
False,2020-07-01 15:19:21+00:00,Sprinklr,False,"Good news and bad news: 

2020 is half over",en,1,0,0,0,0,-0.05555555555555552,113765,6609,535165,6801
False,2020-06-19 21:12:32+00:00,Twitter Web App,False,"ğŸ“ Oakland
ğŸ—£ï¸ @YoliZama https://t.co/lcGDLzAJIn",cy,1,1,0,0,1,0.0,1125,523,9807,79
False,2020-06-19 21:12:32+00:00,Twitter Web App,False,"ğŸ“ New York City
ğŸ—£ï¸ @Afrikkana95 https://t.co/tEfs27p7xu",en,1,1,0,0,1,0.13636363636363635,1932,604,11676,115
False,2020-06-19 21:12:31+00:00,Twitter Web App,False,"ğŸ“ Chicago
ğŸ—£ï¸ @JoshuaKissi https://t.co/ZeD3XvJUbX",es,1,1,0,0,1,0.0,890,200,6849,56
False,2020-06-19 21:12:31+00:00,Twitter Web App,False,"ğŸ“ Philadelphia
ğŸ—£ï¸ @Imani_Barbarin https://t.co/ZRDUipsu38",en,1,1,0,0,1,0.0,736,113,5933,38
False,2020-06-19 21:12:31+00:00,Twitter Web App,False,"ğŸ“ Louisville
ğŸ—£ï¸ @itsbarrrrett https://t.co/Vk4vDeuAqb",et,1,1,0,0,1,0.0,829,143,5757,37
False,2020-06-19 21:12:30+00:00,Twitter Web App,False,"ğŸ“ Atlanta
ğŸ—£ï¸ @BerniceKing https://t.co/83upyVnwIS",lt,1,1,0,0,1,0.0,3291,178,15206,145
False,2020-06-19 21:12:30+00:00,Twitter Web App,False,"ğŸ“ Minneapolis
ğŸ—£ï¸ @FredTJoseph https://t.co/lNTOkyguG1",et,1,1,0,0,1,0.0,8072,1998,46965,644
False,2020-06-19 12:31:50+00:00,Twitter Web App,False,https://t.co/dW21f1XQvy,zxx,0,1,0,0,0,0.0,453,152,2389,29
False,2020-06-19 12:29:43+00:00,Twitter for iPhone,False,"Today is #JuneteenthÂ 

Weâ€™re honored to have @opalayo, one of the three Black women who co-founded #BlackLivesMatter, speak on the meaning of this day, this moment, and where we go from here. https://t.co/0XwuQXM0tS",en,1,1,1,1,0,-0.16666666666666666,1218,430,5050,140
False,2020-06-18 21:21:54+00:00,Sprinklr,False,"Add new voices and conversations to your Timeline using Lists.

You can now:
ğŸ‘‰ make a List
ğŸ‘‰ discover new Lists
ğŸ‘‰ follow a List
ğŸ‘‰ Tweet a List https://t.co/7xhwMXRUWG",en,1,1,0,0,1,0.13636363636363635,616,485,2952,205
False,2020-06-17 17:54:34+00:00,Twitter for iPhone,False,Tweets with audio are rolling out on iOS and we only have one thing to say about it https://t.co/CZvQC1fo1W,en,1,1,0,0,0,0.0,5930,2691,23437,6171
False,2020-06-17 17:28:36+00:00,Sprinklr,False,"You can Tweet a Tweet. But now you can Tweet your voice!

Rolling out today on iOS, you can now record and Tweet with audio. https://t.co/jezRmh1dkD",en,1,1,0,0,0,0.0,16847,7413,54552,36646
False,2020-06-11 15:05:21+00:00,Sprinklr,False,stay loud,en,1,0,0,0,0,0.1,28756,6642,171904,4236
False,2020-05-20 21:01:46+00:00,Twitter Web App,False,u up? @NASA,und,1,0,0,0,0,0.0,22884,1,101424,8852
False,2020-05-20 20:21:41+00:00,Twitter Web App,False,Reply if thereâ€™s a better app,en,1,0,0,0,0,0.5,41991,0,131933,32769
False,2020-05-20 16:31:15+00:00,Sprinklr,False,"Testing, testing...

A new way to have a convo with exactly who you want. Weâ€™re starting with a small % globally, so keep your ğŸ‘€ out to see it in action. https://t.co/pV53mvjAVT",en,1,1,0,0,1,0.03939393939393939,16979,11918,61001,35791
False,2020-05-12 22:42:45+00:00,Sprinklr,False,wine.,en,1,0,0,0,0,0.0,26154,10531,176919,9495
False,2020-05-12 19:44:51+00:00,Sprinklr,False,"Donâ€™t miss the Tweets about your Tweet. 

Now on iOS, you can see Retweets with comments all in one place. https://t.co/oanjZfzC6y",en,1,1,0,0,0,0.0,4655,1620,15191,3212
False,2020-05-10 15:18:44+00:00,Sprinklr,False,Nothing can cancel Mother's Day.,en,1,0,0,0,0,0.0,15342,3214,109383,1094
False,2020-05-10 13:02:13+00:00,Sprinklr,False,"Mom Tweets are the best Tweets
https://t.co/nqh6UiLTFS",en,1,1,0,0,0,1.0,961,550,5830,112
False,2020-05-07 16:36:19+00:00,Sprinklr,False,what is time,en,1,0,0,0,0,0.0,17930,22679,139513,7999
False,2020-04-29 00:49:41+00:00,Sprinklr,False,DMs are fine. She just hasnâ€™t responded.,en,1,0,0,0,0,0.4166666666666667,162700,17629,739855,41808
False,2020-04-28 14:02:06+00:00,Sprinklr,False,weird dream,en,1,0,0,0,0,-0.5,12716,5813,79819,2971
False,2020-04-27 04:02:32+00:00,Sprinklr,False,who's up?,en,1,0,0,0,0,0.0,9352,13623,113908,2995
False,2020-04-23 17:54:05+00:00,Sprinklr,False,"Ahhhhfdsjkhfjskhfjkldshfkljsdhfkjdhfkjlshdfkljsdhfjkdshfjksdhfjdksfhjkdshfjsdhfjkshfjksdfhjksdhfjksdfhjkdsfh

your turn.",tr,1,0,0,0,0,0.0,31057,39868,206824,21696
False,2020-04-17 16:04:07+00:00,Sprinklr,False,"You need a haircut. 
Send us a selfie.",en,1,0,0,0,0,0.0,12989,13686,128806,4733
False,2020-04-16 14:35:14+00:00,Sprinklr,False,It's Tuesday,en,1,0,0,0,0,0.0,17900,12062,153869,7276
False,2020-04-14 19:06:30+00:00,Sprinklr,False,Twitter https://t.co/SZlrOsLTpn,en,1,1,0,0,0,0.0,22249,2488,94518,1016
False,2020-04-14 15:59:52+00:00,Sprinklr,False,Stretchhhhhhhhhhhhhhhhhhhhhhhhhhhhhhhhhhhhhhhhhhhhhhhhhhhhhhhhhhhhhhhhhhhhhhhhhhhhhhhhhhhhhhhhhhhhhhhhhhhhhhhhhhhhhhhhhhhhhhhhhhhhhhhhhhhhhhhhhhhhhhhhhhhhhhhhhhhhhhhhhhhhhhhhhhhhhhhhhhhhhhhhhhhhhhhhhhhhhhhhhhhhhhhhhhhhhhhhhhhhhhhhhhhhhhhhhhhhhhhhhhhhhhhhhhhhhhhhhhhhhhhhhhhhhhhhhh,en,1,0,0,0,0,0.0,24701,11791,156102,5082
False,2020-04-13 15:09:48+00:00,Sprinklr,False,Send pet pics,en,1,0,0,0,0,0.0,15195,32704,122542,4946
False,2020-04-07 17:03:26+00:00,Sprinklr,False,Tagging some friends to help spread the gratitude @shakira @MariahCarey @Zionwilliamson @rickygervais @liamgallagher @SofiaVergara @CP3 @MeekMill @samsmith @De11eDonne @TheEllenShow @mPinoe,en,1,0,0,0,0,0.0,616,576,5277,93
False,2020-04-07 17:01:17+00:00,Sprinklr,False,"Tweet some ğŸ‘ for all the amazing healthcare workers around the world.

ğŸ‘ğŸ‘ğŸ‘ğŸ‘ğŸ‘ğŸ‘ğŸ‘ğŸ‘ğŸ‘ğŸ‘ğŸ‘ğŸ‘ğŸ‘ğŸ‘ğŸ‘ğŸ‘ğŸ‘ğŸ‘ğŸ‘ğŸ‘ğŸ‘ğŸ‘ğŸ‘ğŸ‘ğŸ‘ğŸ‘ğŸ‘ğŸ‘ğŸ‘ğŸ‘ğŸ‘ğŸ‘ğŸ‘ğŸ‘ğŸ‘ğŸ‘ğŸ‘ğŸ‘ğŸ‘ğŸ‘ğŸ‘ğŸ‘ğŸ‘ğŸ‘ğŸ‘ğŸ‘ğŸ‘ğŸ‘ğŸ‘ğŸ‘ğŸ‘ğŸ‘ğŸ‘ğŸ‘ğŸ‘ğŸ‘ğŸ‘ğŸ‘ğŸ‘ğŸ‘ğŸ‘ğŸ‘ğŸ‘ğŸ‘ğŸ‘ğŸ‘ğŸ‘ğŸ‘ğŸ‘ğŸ‘ğŸ‘ğŸ‘ğŸ‘ğŸ‘ğŸ‘ğŸ‘ğŸ‘ğŸ‘ğŸ‘ğŸ‘ğŸ‘ğŸ‘ğŸ‘ğŸ‘ğŸ‘ğŸ‘ğŸ‘ğŸ‘ğŸ‘ğŸ‘ğŸ‘ğŸ‘ğŸ‘ğŸ‘ğŸ‘ğŸ‘ #WorldHealthDay",en,1,0,1,1,1,0.6000000000000001,85388,15000,269947,15945
False,2020-04-07 15:10:58+00:00,Twitter Web App,False,"For the latest information, follow the @WHO on Twitter and this list of official local health organizations around the world. 
https://t.co/mhjkjGVAYL",en,1,1,0,0,0,0.25,337,183,1626,33
False,2020-04-07 15:10:58+00:00,Twitter Web App,False,"What are some good mental health tips?
https://t.co/6JgjeQc7NI",en,1,1,0,0,0,0.3,392,189,1649,48
False,2020-04-07 15:10:57+00:00,Twitter Web App,False,"When should we expect a vaccine?
https://t.co/4V8CVXz4d9",en,1,1,0,0,0,0.0,330,89,1221,29
False,2020-04-07 15:10:57+00:00,Twitter Web App,False,"Are face masks effective?
https://t.co/XDMTrRfYcr",en,1,1,0,0,0,0.6,341,76,1130,22
False,2020-04-07 15:10:57+00:00,Twitter Web App,False,"Can normal laundry washing get rid of #COVID19?
https://t.co/cMadTKRUbL",en,1,1,1,1,0,0.15,259,32,868,8
False,2020-04-07 15:10:56+00:00,Twitter Web App,False,"Will #COVID19 die down during the warmer months?
https://t.co/W9GmZbq60z",en,1,1,1,1,0,-0.15555555555555559,264,40,788,12
False,2020-04-07 15:10:56+00:00,Twitter Web App,False,"What supplies should everyone have on hand if areas go into lockdown?
https://t.co/vRHXYRxHPM",en,1,1,0,0,0,0.0,204,34,700,6
False,2020-04-07 15:10:56+00:00,Twitter Web App,False,"Is it ok to exercise outside?
https://t.co/hQSCWVbnaE",en,1,1,0,0,0,0.25,250,32,725,9
False,2020-04-07 15:10:55+00:00,Twitter Web App,False,"What does physical distancing really mean?
https://t.co/659Pa5KrS9",en,1,1,0,0,0,-0.15625,223,36,629,12
False,2020-04-07 15:10:55+00:00,Twitter Web App,False,"Where are the tests? 
https://t.co/e8BuTVlfvT",en,1,1,0,0,0,0.0,153,19,497,5
False,2020-04-07 15:10:55+00:00,Twitter Web App,False,"Can you still have #COVID19 if you don't have symptoms?
https://t.co/aMb2RWTrXH",en,1,1,1,1,0,0.0,238,32,726,9
False,2020-04-07 15:10:54+00:00,Twitter Web App,False,"How is #COVID19 treated?
https://t.co/cMJGIBK5XT",en,1,1,1,1,0,0.0,195,13,565,5
False,2020-04-07 15:10:54+00:00,Twitter Web App,False,"Can young people get infected?
https://t.co/j7tEuiTFgG",en,1,1,0,0,0,0.1,231,18,625,5
False,2020-04-07 15:10:54+00:00,Twitter Web App,False,"What are symptoms of #COVID19 and when should you get treatment versus stay home?
https://t.co/jZ5rjIDkHa",en,1,1,1,1,0,0.0,240,15,728,7
False,2020-04-07 15:10:53+00:00,Twitter Web App,False,"How do you prevent #COVID19 and keep your family safe?
https://t.co/Us0GIqRApT",en,1,1,1,1,0,0.5,265,59,930,9
False,2020-04-07 15:10:53+00:00,Twitter Web App,False,"Over the past few weeks, there have been more than 6 million questions Tweeted about coronavirus/COVID-19. For #WorldHealthDay, we partnered with the @WHO to provide answers to some of your most asked questions. 

See the answersğŸ‘‡",en,1,0,1,1,1,0.1375,6519,869,36884,506
False,2020-04-06 18:29:36+00:00,Sprinklr,False,Mood check. GIFs only.,en,1,0,0,0,0,0.0,7124,33374,80578,12658
False,2020-04-01 14:02:09+00:00,Sprinklr,False,Itâ€™s not March.,en,1,0,0,0,0,0.0,32043,5396,199418,3433
False,2020-03-30 15:38:03+00:00,Sprinklr,False,ğŸ’™ #NationalDoctorsDay,und,0,0,1,1,1,0.0,16783,1547,58253,1297
False,2020-03-20 15:02:35+00:00,Sprinklr,False,"Who needs something? 
Who can give something? 

#TwitterDoYourThing",en,1,0,1,1,0,0.0,3489,8092,23816,1395
False,2020-03-10 20:24:43+00:00,Sprinklr,False,"THANK YOU â€” wow I owe you

Thank you! â€” literally, thanks

Ty â€” whatever

Thx â€” for nothing",en,1,0,0,0,0,0.125,15684,3321,71432,1445
False,2020-03-08 19:05:14+00:00,Sprinklr,False,"Not today, men.",en,1,0,0,0,0,0.0,94377,8762,385536,10887
False,2020-03-08 14:01:00+00:00,Sprinklr,False,The women in your life who deserve a shout out,en,1,0,0,0,0,0.0,10178,8353,67892,5795
False,2020-03-03 22:01:33+00:00,Twitter Web App,False,"Got an Android? Youâ€™re now in it to pin it.

https://t.co/N4gFkbaAG7",en,1,1,0,0,0,0.0,187,174,1055,68
False,2020-03-03 14:27:42+00:00,Sprinklr,False,take care of each other,en,1,0,0,0,0,-0.125,101598,6583,315467,7724
False,2020-02-28 14:37:02+00:00,Sprinklr,False,Ask the magic Twitter ball ğŸ”®,en,1,0,0,0,1,0.5,5811,18884,72845,3061
False,2020-02-27 16:25:53+00:00,Sprinklr,False,We need a new header,en,1,0,0,0,0,0.13636363636363635,24043,25029,225198,4952
False,2020-02-27 00:23:38+00:00,Sprinklr,False,you know what to do https://t.co/S8JbqI7jIt,en,1,1,0,0,0,0.0,460,336,5354,56
False,2020-02-20 13:42:40+00:00,Sprinklr,False,"It's not Mercury, it's you",en,1,0,0,0,0,0.0,73777,3993,236060,13204
False,2020-02-19 23:07:13+00:00,Sprinklr,False,"Now you can add a Tweet to one you already Tweeted, faster! https://t.co/j3ktAN6t5o",en,1,1,0,0,0,0.0,2269,893,9328,879
False,2020-02-14 14:48:27+00:00,Sprinklr,False,we LIKE like you,en,1,0,0,0,0,0.0,25641,10965,231982,6017
False,2020-02-11 01:21:31+00:00,Sprinklr,False,"If they donâ€™t get Twitter, they donâ€™t get you",en,1,0,0,0,0,0.0,15260,2182,64349,1312
False,2020-02-08 16:18:38+00:00,Sprinklr,False,kissing IS hooking up,en,1,0,0,0,0,0.0,9519,3577,75591,3358
False,2020-02-07 22:03:00+00:00,Sprinklr,False,ok it worked,en,1,0,0,0,0,0.5,7947,2200,85283,1876
False,2020-02-07 22:02:12+00:00,Sprinklr,False,test,en,1,0,0,0,0,0.0,25273,9912,210208,8207
False,2020-01-30 20:00:13+00:00,Sprinklr,False,"Yes, it's still January",en,1,0,0,0,0,0.0,124355,5807,309979,13958
False,2020-01-29 05:00:00+00:00,Sprinklr,False,One more Tweet and then itâ€™s bedtime,en,1,0,0,0,0,0.5,5820,2566,48340,1390
False,2020-01-24 13:35:56+00:00,Sprinklr,False,don't forget to moisturize,en,1,0,0,0,0,0.0,19491,3358,85139,2938
False,2020-01-23 19:23:16+00:00,Sprinklr,False,When you want to DM someone a Tweet but haven't answered their text,en,1,0,0,0,0,0.0,4047,1811,28655,583
False,2020-01-22 23:13:44+00:00,Sprinklr,False,sliding into your DMs like ğŸ˜‚ ğŸ˜² ğŸ˜¢ â¤ï¸ ğŸ”¥ ğŸ‘ ğŸ‘,en,1,0,0,0,1,0.0,6796,4501,70505,2350
False,2020-01-21 22:22:55+00:00,Sprinklr,False,twting int hte cold,en,1,0,0,0,0,-0.6,3429,1740,29492,519
False,2020-01-11 03:04:37+00:00,Sprinklr,False,Don't drink and Tweet,en,1,0,0,0,0,0.0,91676,12541,350928,24945
False,2020-01-09 16:51:59+00:00,Sprinklr,False,Agreed,en,1,0,0,0,0,0.0,6812,7113,67194,7667
False,2020-01-02 16:56:11+00:00,Sprinklr,False,Scrolling through Twitter is cardio,en,1,0,0,0,0,0.0,17073,2536,73827,2031
False,2020-01-01 14:00:27+00:00,Sprinklr,False,"New decade, drink water",en,1,0,0,0,0,0.13636363636363635,242967,11255,809641,17461
False,2020-01-01 05:00:06+00:00,Sprinklr,False,woooooooohooooooo!,in,1,0,0,0,0,0.0,20021,5345,118741,5289
False,2019-12-23 21:02:00+00:00,Sprinklr,False,"Hello. We will be out of the office until [date of return]. During this period we will have limited access to email. 

Tweet us.",en,1,0,0,0,0,-0.07142857142857142,3068,2406,28741,476
False,2019-12-18 20:25:54+00:00,Sprinklr,False,"Long URLs, no longer. Starting today, when you share a list on Twitter, it'll have an image instead of a URL on iOS and Android. Hereâ€™s ours. Your turn.

https://t.co/W7dxU8ZOiP",en,1,1,0,0,0,-0.025,793,494,4305,143
False,2019-12-16 18:31:39+00:00,Twitter for iPhone,False,ğŸ©ğŸ° https://t.co/lEq6dtdZbz https://t.co/tJBOoA2Qp7,und,0,1,0,0,1,0.0,1246,550,10881,126
False,2019-12-13 18:46:06+00:00,Sprinklr,False,The one person you wish would follow you,en,1,0,0,0,0,0.0,11145,53324,97834,16517
False,2019-12-11 18:16:06+00:00,Twitter Media Studio,False,Give the gift of GIFs. You can now upload your iOS Live Photos as GIFs anywhere you upload photos on Twitter. https://t.co/D8TIfsBwyd,en,1,1,0,0,0,0.13636363636363635,1151,435,4529,439
False,2019-12-09 20:03:18+00:00,Twitter Web App,False,"2âƒ£0âƒ£1âƒ£0âƒ£â–2âƒ£0âƒ£1âƒ£9âƒ£ ğŸ§µ
https://t.co/dxbS0dh52y",und,1,1,0,0,1,0.0,342,138,2322,11
False,2019-12-09 20:03:08+00:00,Twitter Web App,False,"ğŸ•¯ï¸
https://t.co/xVAnRruJwH",und,0,1,0,0,1,0.0,121,61,1039,5
False,2019-12-09 20:02:59+00:00,Twitter Web App,False,"ğŸš¿
https://t.co/xDasPvtGhB",und,0,1,0,0,1,0.0,86,82,701,4
False,2019-12-09 20:02:49+00:00,Twitter Web App,False,"ğŸ—ºï¸ 
https://t.co/0Fm3IG413v",und,0,1,0,0,1,0.0,130,135,1361,30
False,2019-12-09 20:02:39+00:00,Twitter Web App,False,"ğŸ’ƒ
https://t.co/MT28usvrq2",und,0,1,0,0,1,0.0,58,30,528,1
False,2019-12-09 20:02:31+00:00,Twitter Web App,False,"âœˆï¸
https://t.co/ocDcJSBxDL",und,0,1,0,0,1,0.0,56,26,509,3
False,2019-12-09 20:02:21+00:00,Twitter Web App,False,"ğŸŒŸ
https://t.co/8juB9ivtNL",und,0,1,0,0,1,0.0,84,32,913,3
False,2019-12-09 20:02:10+00:00,Twitter Web App,False,"ğŸ’•
https://t.co/RT9cSqckX4",und,0,1,0,0,1,0.0,105,46,1294,10
False,2019-12-09 20:01:59+00:00,Twitter Web App,False,"Ã·
https://t.co/VlLd8g2RZq",und,1,1,0,0,0,0.0,101,206,783,23
False,2019-12-09 20:01:49+00:00,Twitter Web App,False,"ğŸŒ°
https://t.co/slgt8RhA6j",und,0,1,0,0,1,0.0,28,22,333,4
False,2019-12-09 20:01:37+00:00,Twitter Web App,False,"ğŸ˜
https://t.co/VN024fJxGt",und,0,1,0,0,1,0.0,52,24,501,1
False,2019-12-09 20:01:27+00:00,Twitter Web App,False,"ğŸ’’
https://t.co/r6OIjrJPqr",und,0,1,0,0,1,0.0,122,26,918,15
False,2019-12-09 20:01:16+00:00,Twitter Web App,False,"ğŸ§¼
https://t.co/e2P5BZmf39",und,0,1,0,0,1,0.0,37,30,526,11
False,2019-12-09 20:01:06+00:00,Twitter Web App,False,"ğŸ’Œ
https://t.co/J78vLMvZGa",und,0,1,0,0,1,0.0,78,22,911,9
False,2019-12-09 20:00:57+00:00,Twitter Web App,False,"ğŸ“
https://t.co/2tUNTXsesP",und,0,1,0,0,1,0.0,125,24,1306,6
False,2019-12-09 20:00:47+00:00,Twitter Web App,False,"ğŸ¤³
https://t.co/pfGJDtWeEY",und,0,1,0,0,1,0.0,109,57,1926,10
False,2019-12-09 20:00:37+00:00,Twitter Web App,False,"ğŸ’…
https://t.co/ilLZiNsvDf",und,0,1,0,0,1,0.0,88,33,1027,8
False,2019-12-09 20:00:26+00:00,Twitter Web App,False,"ğŸ’”
https://t.co/eTdlQPePBb",und,0,1,0,0,1,0.0,73,21,965,3
False,2019-12-09 20:00:15+00:00,Twitter Web App,False,"ğŸ˜‚
https://t.co/bGXoApySSR",und,0,1,0,0,1,0.0,119,38,1236,11
False,2019-12-09 20:00:06+00:00,Twitter Web App,False,"Favorite Tweets of the year? 
 
Weâ€™ll start. Hereâ€™s our 19 for 2019 ğŸ‘‡
 
#ThisHappened",en,1,0,1,1,1,0.5,2091,1296,13184,316
False,2019-12-06 22:14:15+00:00,Sprinklr,False,We need to talk,en,1,0,0,0,0,0.0,44916,23930,227841,18556
False,2019-11-28 13:57:00+00:00,Sprinklr,False,Weâ€™re thankful for you. And you. And you and you and you and you and you and you and you and you and you and you and you and you and you and you and you and you and you and you and you and you and you and you and you and you and you and you and you and you and you and you and you,en,1,0,0,0,0,0.0,65377,12033,349234,8619
False,2019-11-22 01:05:14+00:00,Sprinklr,False,That color looks great on you,en,1,0,0,0,0,0.8,5904,3893,50480,2015
False,2019-11-21 16:23:46+00:00,Sprinklr,False,"Starting today, you can now hide replies to your Tweets. Out of sight, out of mind. https://t.co/0Cfe4NMVPj",en,1,1,0,0,0,0.0,4619,2155,12963,3641
False,2019-11-19 18:28:43+00:00,Sprinklr,False,"you: ğŸ‘ğŸ‘
you on Twitter: ğŸ‘€",en,1,0,0,0,1,0.0,10610,3543,62380,956
False,2019-11-18 23:19:00+00:00,Sprinklr,False,hi,qst,1,0,0,0,0,0.0,28893,22089,224685,7376
False,2019-11-13 19:28:36+00:00,Twitter Web App,False,Topics: now available for both Android and web.,en,1,0,0,0,0,0.4,243,463,2179,39
False,2019-11-12 23:33:30+00:00,Sprinklr,False,"Full moon, Tweet carefully",en,1,0,0,0,0,0.12499999999999999,25626,3211,116440,2899
False,2019-11-12 02:11:34+00:00,Sprinklr,False,"Dear Diary,",en,1,0,0,0,0,0.0,9608,6972,55588,7977
False,2019-11-11 22:13:41+00:00,Sprinklr,False,"Hot takes? Always. Hot topics? Brand new.

Now you can follow specific topics to discover the Tweets you care about. https://t.co/3tVBRFuTYd",en,1,1,0,0,0,0.16666666666666666,862,616,4278,365
False,2019-10-31 14:18:52+00:00,Sprinklr,False,spooky vibe check,en,1,0,0,0,0,0.0,6871,1949,43990,438
False,2019-10-29 17:02:47+00:00,Twitter Web App,False,"Sharing Tweets in DMs is our love language. Today, for Android users, weâ€™re making that easier.",en,1,0,0,0,0,0.5,307,324,2420,71
False,2019-10-22 17:06:01+00:00,Twitter Web App,False,"Welcome to the dark side, Android users. You can now go lights out on Twitter. https://t.co/RpvstZvdnr",en,1,1,0,0,0,0.325,3224,2440,15694,3010
False,2019-10-15 19:31:02+00:00,Sprinklr,False,"Remember your first Tweet?

We do!",en,1,0,0,0,0,0.3125,15609,48326,162090,12152
False,2019-10-11 21:11:40+00:00,Twitter for Advertisers.,False,ğŸ¶ Return of the Mac. ğŸ¶,en,1,0,0,0,1,0.0,376,362,2520,96
False,2019-10-04 16:51:38+00:00,Twitter Web Client,False,"Itâ€™s October 4th

Reply if you need a spooky name
Like if your Twitter name is already ghastly
RT if you respect and revere candy corn",en,1,0,0,0,0,0.0,5699,13726,22917,330
False,2019-10-01 16:03:56+00:00,Twitter Web App,False,Get your search on. DM search is rolling out to everyone on iOS today.,en,1,0,0,0,0,0.0,303,366,2062,101
False,2019-09-27 19:29:32+00:00,Twitter Web App,False,Let's settle this. What is the GREATEST Tweet?,en,1,0,0,0,0,1.0,3738,8990,33069,8244
False,2019-09-23 20:05:01+00:00,Twitter Web App,False,"On our list? Make lists even better for you! âœ…

Now on iOS, you can pin up to five lists, rearrange them, and swipe to access from home. https://t.co/gNdfNE1DCl",en,1,1,0,0,1,0.625,1001,699,4707,508
False,2019-09-19 19:27:18+00:00,Twitter Web App,False,Look up!,en,1,0,0,0,0,0.0,3987,4139,33270,1962
False,2019-09-16 17:37:40+00:00,Twitter Web App,False,Uno!,qst,1,0,0,0,0,0.0,4666,4722,42526,4917
False,2019-09-10 23:08:00+00:00,Twitter Web App,False,Itâ€™s all about the details. Now you can rearrange your photos while writing a Tweet. https://t.co/mllwmPb6dx,en,1,1,0,0,0,0.0,1307,690,6549,561
False,2019-09-10 19:56:17+00:00,Twitter Web App,False,Who likes candy?? ğŸ­,en,1,0,0,0,1,0.0,3647,6878,39196,1852
False,2019-09-05 17:02:42+00:00,Twitter Web App,False,hugs!,en,1,0,0,0,0,0.0,32364,6186,117142,7751
False,2019-08-28 18:40:55+00:00,Twitter Web App,False,you are right,en,1,0,0,0,0,0.2857142857142857,11703,8230,65733,8957
False,2019-08-26 20:24:14+00:00,Twitter Web App,False,weeeeeeeeeee,und,1,0,0,0,0,0.0,24197,9837,129010,18558
False,2019-08-23 21:45:05+00:00,Twitter Web App,False,anyone got a charger?,en,1,0,0,0,0,0.0,5363,5332,49767,2088
False,2019-08-22 20:04:15+00:00,Twitter Web App,False,hi John!,en,1,0,0,0,0,0.0,2452,5353,28955,2220
False,2019-08-20 23:25:50+00:00,Twitter Web App,False,"Retweet for night mode

Like for day mode",en,1,0,0,0,0,0.0,150581,3947,86029,2798
False,2019-08-15 13:46:55+00:00,Twitter Web Client,False,appreciation Tweet ğŸ™,en,1,0,0,0,1,0.0,7372,3748,50417,2494
False,2019-08-14 17:34:34+00:00,Twitter Web Client,False,Soul searching? Hard. DM searching? Easy! Go ahead and try out the new DM search bar. Weâ€™re testing it out on iOS and web with your most recent DMs. https://t.co/vwGlBjz4B5,en,1,1,0,0,0,0.1772727272727273,551,751,3299,263
False,2019-08-14 13:30:46+00:00,Twitter Web Client,False,Happy Birthday,en,1,0,0,0,0,0.8,22147,9602,113433,5583
False,2019-08-13 21:11:00+00:00,Twitter Web Client,False,"You know when someoneâ€™s phone goes off in the theater? Or in a presentation? Or at the movies? Donâ€™t be that person. 

Weâ€™re testing a way to temporarily snooze notifications on Android, just in case you go viral at an inconvenient time. https://t.co/tSuEjlqWDs",en,1,1,0,0,0,-0.6,433,343,2460,120
False,2019-08-08 22:33:59+00:00,Twitter Web Client,False,You probably have notifications on for your must-follows. Now you can get notifications when thereâ€™s a new reply to a Tweet youâ€™re interested in! Weâ€™re testing this on iOS and Android now. https://t.co/MabdFoItxc,en,1,1,0,0,0,0.22443181818181818,704,628,3153,295
False,2019-08-07 16:35:09+00:00,Twitter Web App,False,10Â²+(5x16)Ã·10+(43x4),und,1,0,0,0,0,0.0,12970,20700,63738,11889
False,2019-08-02 13:58:24+00:00,Twitter Web Client,False,"Take a breather, weâ€™ll still be here",en,1,0,0,0,0,0.0,12626,2014,56509,1414
False,2019-07-25 14:30:20+00:00,Twitter Web App,False,"its = it owns it
itâ€™s = it is

Itâ€™s easy!

ğŸ’™, Twitter",en,1,0,0,0,1,0.5416666666666667,28730,3230,106434,2759
False,2019-07-24 23:31:40+00:00,Twitter Web App,False,"10 days. 40 cities. Virtual #Tweetups are happening around the world. Join us and follow the convo! 
https://t.co/Ua3JJrBuyj https://t.co/M436G4fVio",en,1,1,1,1,0,0.0,304,209,1497,89
False,2019-07-23 19:00:28+00:00,Twitter Web App,False,Canâ€™t decide between a Retweet and a Retweet with comment? Now you donâ€™t have to. Do both!,en,1,0,0,0,0,0.0,8920,2183,24901,4298
False,2019-07-22 18:38:22+00:00,Twitter Web Client,False,Whoâ€™s someone you met on Twitter but want to MEET meet?,en,1,0,0,0,0,0.0,3990,12471,33664,8597
False,2019-07-18 23:31:13+00:00,Twitter for iPhone,False,Get ready to DM Tweets even faster. This is rolling out to everyone on iOS today.,en,1,0,0,0,0,0.2,327,399,3126,79
False,2019-07-18 18:38:07+00:00,Twitter Web Client,False,We're testing icons instead of labels within replies. Check it out and let us know what you think! https://t.co/5CBoTZ40Hq,en,1,1,0,0,0,0.0,356,741,1872,887
False,2019-07-17 15:27:42+00:00,Twitter Web Client,False,ğŸ”¤ğŸ”¤ğŸ”¤ğŸ”¤ğŸ”¤ğŸ”¤ğŸ”¤ğŸ”¤ğŸ”¤ğŸ”¤ğŸ”¤ğŸ”¤ğŸ”¤ğŸ”¤ğŸ”¤ğŸ”¤ğŸ”¤ğŸ”¤ğŸ”¤ğŸ”¤ğŸ”¤ğŸ”¤ğŸ”¤ğŸ”¤ğŸ”¤ğŸ”¤ğŸ”¤ğŸ”¤ğŸ”¤ğŸ”¤ğŸ”¤ğŸ”¤ğŸ”¤ğŸ”¤ğŸ”¤ğŸ”¤ğŸ”¤ğŸ”¤ğŸ”¤ğŸ”¤ğŸ”¤ğŸ”¤ğŸ”¤ğŸ”¤ğŸ”¤ğŸ”¤ğŸ”¤ğŸ”¤ğŸ”¤ğŸ”¤ğŸ”¤ğŸ”¤ğŸ”¤ğŸ”¤ğŸ”¤ğŸ”¤ğŸ”¤ğŸ”¤ğŸ”¤ğŸ”¤ğŸ”¤ğŸ”¤ğŸ”¤ğŸ”¤ğŸ”¤ğŸ”¤ğŸ”¤ğŸ”¤ğŸ”¤ğŸ”¤ğŸ”¤ğŸ”¤ğŸ”¤ğŸ”¤ğŸ”¤ğŸ”¤ğŸ”¤ğŸ”¤ğŸ”¤ğŸ”¤ğŸ”¤ğŸ”¤ğŸ”¤ğŸ”¤ğŸ”¤ğŸ”¤ğŸ”¤ğŸ”¤ğŸ”¤ğŸ”¤ğŸ”¤ğŸ”¤ğŸ”¤ğŸ”¤ğŸ”¤ğŸ”¤ğŸ”¤ğŸ”¤ğŸ”¤ğŸ”¤ğŸ”¤ğŸ”¤ğŸ”¤ğŸ”¤ğŸ”¤ğŸ”¤ğŸ”¤ğŸ”¤ğŸ”¤ğŸ”¤ğŸ”¤ğŸ”¤ğŸ”¤ğŸ”¤ğŸ”¤ğŸ”¤ğŸ”¤ğŸ”¤ğŸ”¤ğŸ”¤ğŸ”¤ğŸ”¤ğŸ”¤ğŸ”¤ğŸ”¤ğŸ”¤ğŸ”¤ğŸ”¤ğŸ”¤ğŸ”¤ğŸ”¤ğŸ”¤ğŸ”¤ğŸ”¤ğŸ”¤ğŸ”¤ğŸ”¤ğŸ”¤ğŸ”¤ğŸ”¤,art,0,0,0,0,1,0.0,680,561,5627,136
False,2019-07-17 15:27:41+00:00,Twitter Web Client,False,"ğŸ”¤ needs our love. Twitter, do your thing https://t.co/DFjwSU2sYd",en,1,1,0,0,1,0.5,836,731,6402,193
False,2019-07-16 20:04:55+00:00,Twitter Web Client,False,"Just got a new follower? Starting today, weâ€™ll show their profile in your notifications. Wanna follow them back? Just tap that follow back, girl. https://t.co/VlFTiV15ea",en,1,1,0,0,0,0.03409090909090909,653,551,3477,212
False,2019-07-15 17:00:06+00:00,Twitter Media Studio,False,"Woah, whatâ€™s this? A shiny new https://t.co/q4wnE46fGs for desktop? Yup. ITâ€™S HERE. https://t.co/8y4TMzqBGa",en,1,1,0,0,0,0.13636363636363635,1929,4176,9251,1952
False,2019-07-11 19:58:17+00:00,Twitter Web Client,False,miss us?,en,1,0,0,0,0,0.0,51240,35002,236169,69800
False,2019-07-10 18:02:22+00:00,Twitter Web Client,False,Ready for more customization? Now you can pick which lists will appear and pin them. Just donâ€™t let your lists know youâ€™re playing favorites. ğŸ¤« https://t.co/loMPptRfzQ,en,1,1,0,0,1,0.35,459,322,2954,198
False,2019-07-09 19:24:45+00:00,Twitter Web Client,False,RT if you say â€˜RTâ€™ in real life,en,1,0,0,0,0,0.2,36616,1655,36956,1059
False,2019-07-05 19:03:48+00:00,Twitter Web App,False,"You can only follow one person.

Who is it?",en,1,0,0,0,0,0.0,6292,42770,55487,13316
False,2019-07-03 16:28:04+00:00,Twitter Web App,False,"Sorry we canâ€™t come to the phone right now.

Please leave a message after the Tweet.",en,1,0,0,0,0,-0.10714285714285715,9120,3398,52837,1473
False,2019-06-28 18:25:23+00:00,Twitter Web App,False,We're inviting more of you to the party! Check it out and let us know what you think of the https://t.co/fHiPXozBdO design experiment.,en,1,1,0,0,0,0.625,199,663,2728,97
False,2019-06-27 14:08:12+00:00,Twitter Web Client,False,"Social experiment: If you come across this Tweet, youâ€™re in the real social experiment",en,1,0,0,0,0,0.04166666666666667,7872,3207,46499,723
False,2019-06-26 18:05:57+00:00,Twitter Web Client,False,A little birdie told me...,en,1,0,0,0,0,-0.1875,2972,3404,25328,2120
False,2019-06-25 20:57:30+00:00,Twitter Web Client,False,Customizable timelines that are easy to access? Weâ€™re thinking about ways to do this! One idea we had is for you to be able to swipe to your lists from home. If you're in the test tell us what you think! https://t.co/g5WMaNZ57N,en,1,1,0,0,0,0.5833333333333334,1759,1846,9998,1873
False,2019-06-24 18:02:56+00:00,Twitter Web Client,False,Youâ€™re better than your drafts,en,1,0,0,0,0,0.5,21969,1584,60100,2549
False,2019-06-20 20:58:54+00:00,Twitter Web Client,False,Twitters,en,1,0,0,0,0,0.0,5454,3090,37685,932
False,2019-06-16 15:54:02+00:00,Twitter Web Client,False,"*ding ding ding*

https://t.co/QWyAMttpLx",en,1,1,0,0,0,0.0,594,167,8868,41
False,2019-06-16 14:51:05+00:00,Twitter Web Client,False,"In honor of Fatherâ€™s Day, hereâ€™s a dad joke:

Why did the little bird get in trouble in school?",en,1,0,0,0,0,-0.19375,2654,1455,21584,339
False,2019-06-11 21:28:49+00:00,Twitter for iPhone,False,Underrated Tweet,en,1,0,0,0,0,0.0,3230,1492,24011,796
False,2019-06-11 17:25:09+00:00,Twitter Web Client,False,"their: belongs to them
there: location
theyâ€™re: they are
 
ğŸ’™, Twitter",en,1,0,0,0,1,0.0,41635,3093,130089,5125
False,2019-06-10 15:36:02+00:00,Twitter Web Client,False,If youâ€™re reading this Tweet youâ€™re running late,en,1,0,0,0,0,-0.3,5014,2849,33550,1468
False,2019-06-03 18:10:28+00:00,Twitter Web Client,False,"Skip the sign in, sign out hassle. Now you can switch back and forth between handles faster on https://t.co/AIUgyCj4rs, Twitter Lite, and Twitter for Windows. Just tap the drop down from your profile photo. 

Your stan account thanks you.",en,1,1,0,0,0,0.014814814814814808,451,476,3012,105
False,2019-05-31 19:40:48+00:00,Twitter Media Studio,False,Are there people you always DM? Weâ€™re testing a way to make it faster and easier for you to share Tweets with them. Tell us what you think if youâ€™re part of the experiment! https://t.co/AW40Xohofv,en,1,1,0,0,0,0.0,752,916,5973,242
False,2019-05-29 19:34:30+00:00,Twitter Web App,False,FYI: there IS an edit button. (In your brain),en,1,0,0,0,0,0.0,59857,11160,218142,26192
False,2019-05-29 17:27:38+00:00,Twitter Media Studio,False,Go live with guests! Itâ€™s more fun than talking to yourself. We promise. https://t.co/CB5qSLebwq,en,1,1,0,0,0,0.3234848484848485,573,344,2543,205
False,2019-05-29 01:32:01+00:00,Twitter Web App,False,DM in the PM,en,1,0,0,0,0,0.0,3304,1107,21128,577
False,2019-05-28 16:07:38+00:00,Twitter Web Client,False,Liking your own Tweets is self-care,en,1,0,0,0,0,0.6,38086,3551,160123,6193
False,2019-05-24 17:31:01+00:00,Twitter Web Client,False,Tweet an emoji youâ€™ve never used before,en,1,0,0,0,0,0.0,3906,38907,40022,12085
False,2019-05-19 01:08:06+00:00,Twitter Web App,False,Where you?,en,1,0,0,0,0,0.0,5695,10848,39344,6347
False,2019-05-12 16:09:57+00:00,Twitter for iPhone,False,"To the moms we have, moms weâ€™ve lost, and the moms weâ€™ve chosen.
#HappyMothersDay",en,1,0,1,1,0,0.0,7458,617,28735,260
False,2019-05-10 16:00:03+00:00,Twitter Web App,False,ğŸ”,art,0,0,0,0,1,0.0,3499,2587,31866,1625
False,2019-05-06 19:09:05+00:00,Twitter Web App,False,The wait is over ğŸ‘‡ğŸ˜˜ https://t.co/v7J6WgRioD https://t.co/3W0witaZtg,en,1,1,0,0,1,0.0,4755,623,11054,2390
False,2019-05-03 20:00:35+00:00,Twitter Web Client,False,"Starting to see the new https://t.co/fHiPXozBdO? We opened it to more people, and now we're testing two different designs. Let us know what you think, weâ€™d love to hear from you.",en,1,1,0,0,0,0.22727272727272724,308,418,2408,75
False,2019-05-02 23:42:23+00:00,Twitter for iPhone,False,Tweet hi to someone you donâ€™t know! ğŸ‘‡ğŸ‘‰â˜ï¸,en,1,0,0,0,1,0.0,4071,11622,30723,5205
False,2019-04-26 20:27:20+00:00,Twitter Web Client,False,ğŸ™,art,0,0,0,0,1,0.0,5829,2254,33151,1998
False,2019-04-22 16:02:37+00:00,Twitter Web Client,False,ğŸ’™ğŸŒ,art,0,0,0,0,1,0.0,18574,2205,70812,799
False,2019-04-19 20:32:57+00:00,Twitter Web Client,False,"Donâ€™t worry, Tweet happy",en,1,0,0,0,0,0.8,34298,3156,93890,2728
False,2019-04-16 23:31:38+00:00,Twitter Media Studio,False,"On profile pages, we used to only show someoneâ€™s replies, not the original Tweet ğŸ™„ Now weâ€™re showing both so you can follow the conversation more easily! https://t.co/LSBEZYFqmY",en,1,1,0,0,1,0.3541666666666667,749,507,4989,209
False,2019-04-15 16:26:05+00:00,Twitter Web Client,False,"you: Time to smash my to-do list
Twitter: lol, hi there",en,1,0,0,0,0,0.8,10385,1284,38198,1394
False,2019-04-11 18:45:26+00:00,Twitter Web App,False,Love,en,1,0,0,0,0,0.5,22380,7921,89897,12134
False,2019-04-09 16:39:48+00:00,Twitter Web App,False,Who would play you in the movie of your life?,en,1,0,0,0,0,0.0,1972,5382,19959,3634
False,2019-04-08 15:47:23+00:00,Twitter Web App,False,"Normal heart rate:
â €   /\â € â € â € â €  /\    
__ /   \   __/\__ /   \    _
           \/â € â € â € â €  \/

When your crush slides into your DMs:
â €/\â €      /\â €     /\
_/  \  /\_/  \  /\_/  \   /\_
â €   \/â €â €   \/â €â €   \/",en,1,0,0,0,1,0.15,15789,1963,64200,2487
False,2019-04-06 19:53:28+00:00,Twitter Web Client,False,Everywhere ğŸ‘‹ https://t.co/MRbjz8KITj,en,1,1,0,0,1,0.0,758,360,5216,330
False,2019-04-05 19:34:02+00:00,Twitter Web Client,False,ğŸ‘€ https://t.co/uYSsQ4gODa,und,0,1,0,0,1,0.0,2816,1166,20484,668
False,2019-04-04 18:04:47+00:00,Twitter Web Client,False,"We want it to be easy to follow and join conversations on Twitter. Weâ€™re testing out labels on replies: author, mentioned, and following. If you see them, let us know what you think! https://t.co/L228sMbh75",en,1,1,0,0,0,0.21666666666666667,1347,1384,7529,827
False,2019-04-03 20:41:03+00:00,Twitter Web App,False,thirsty,en,1,0,0,0,0,0.0,6947,2604,30956,2775
False,2019-04-03 03:02:29+00:00,Twitter for Android,False,Retweet yourself like no oneâ€™s watching,en,1,0,0,0,0,0.0,11480,1217,26229,660
False,2019-04-02 16:05:13+00:00,Twitter Web App,False,"We support #EqualPayDay every day, and weâ€™re committed to creating a diverse and inclusive workplace for everyone at Twitter. Weâ€™re happy to share that all our people are paid equitably across genders, races, and ethnicities.",en,1,0,1,1,0,0.8,848,409,5531,100
False,2019-04-01 17:35:17+00:00,Twitter Web Client,False,Truth or dare?,en,1,0,0,0,0,0.0,4211,10442,29182,3448
False,2019-03-31 04:01:33+00:00,Twitter for iPhone,False,u up?,qst,1,0,0,0,0,0.0,11570,5773,77280,3323
False,2019-03-28 17:00:19+00:00,Twitter Web App,False,It was dark. You asked for darker! Swipe right to check out our new dark mode. Rolling out today. https://t.co/6MEACKRK9K,en,1,1,0,0,0,0.021144480519480514,12380,3444,34385,7441
False,2019-03-26 00:13:23+00:00,Twitter Web Client,False,Have you ever,en,1,0,0,0,0,0.0,2939,5463,25961,6212
False,2019-03-25 00:00:35+00:00,Twitter Web Client,False,ã“ã‚“ã«ã¡ã¯æ—¥æœ¬!! #æ¡œ,ja,1,0,0,0,1,0.0,4646,1575,49599,695
False,2019-03-20 22:43:50+00:00,Twitter Web App,False,Do you,en,1,0,0,0,0,0.0,19580,9115,67928,15751
False,2019-03-19 14:44:20+00:00,Twitter Web Client,False,https://t.co/yYoyR8bMxb,zxx,0,1,0,0,0,0.0,7769,679,28286,513
False,2019-03-17 13:39:24+00:00,Twitter Web App,False,â˜˜ï¸,art,0,0,0,0,1,0.0,5359,1768,32179,773
False,2019-03-17 01:02:18+00:00,Twitter for iPhone,False,"Youâ€™re so vain
You probably think
This Tweet is about you ğŸ¶",en,1,0,0,0,1,0.0,6325,1113,26957,700
False,2019-03-13 23:56:59+00:00,Twitter Web App,False,Twitter do your thing https://t.co/pyPMEEiUNe,en,1,1,0,0,0,0.0,3343,551,15561,253
False,2019-03-13 13:00:01+00:00,Twitter Media Studio,False,"See it? Tweet it! Our updated camera is just a swipe away, so you get the shot fast. Rolling out to all of you over the next few days. https://t.co/moOEFO2nQq",en,1,1,0,0,0,0.0,2206,653,6020,1054
False,2019-03-12 23:52:07+00:00,Twitter for Advertisers.,False,"Twitter Lite. Same global conversation, now covering more of the globe. Albania to Zambia â€” we got you!

Download it from the Google Play Store and learn more below.",en,1,0,0,0,0,0.25,280,136,1833,54
False,2019-03-12 16:18:12+00:00,Twitter Web Client,False,Oh for Tweetâ€™s sake,en,1,0,0,0,0,0.0,4535,1585,29656,748
False,2019-03-11 15:02:01+00:00,Twitter Web App,False,ğŸ’› @hibillyby https://t.co/bPNfiQLCSS,und,0,1,0,0,1,0.0,6168,405,27172,989
False,2019-03-11 15:01:57+00:00,Twitter Web App,False,"Get 'em while they're hot! 

https://t.co/OfwgnVFhHs",en,1,1,0,0,0,0.3125,594,75,4753,15
False,2019-03-10 21:00:20+00:00,Twitter for iPhone,False,"You donut want to miss out on Billyâ€™s and neither do we! Weâ€™ll be there tomorrow morning ğŸ©â™¥ï¸
#LoveTwitter https://t.co/NpTAXW4R53",en,1,1,1,1,1,0.0,15803,715,42714,1210
False,2019-03-10 04:03:12+00:00,Twitter Web App,False,"YOU: Iâ€™m going to bed in five minutes
TWITTER: lol k",en,1,0,0,0,0,0.8,30224,2530,100423,3334
False,2019-03-08 17:01:42+00:00,Twitter for iPhone,False,"Sheâ€™s groundbreaking and statement making. But who inspires you, @serenawilliams? #SheInspiresMe",en,1,0,1,1,0,0.0,365,197,3373,35
False,2019-03-08 15:00:08+00:00,Twitter Web App,False,"Name a woman who inspires you using #SheInspiresMe! 

Wanna kick us off @ladygaga?",en,1,0,1,1,0,0.0,1767,2864,12537,1602
False,2019-03-07 16:16:00+00:00,Twitter Web Client,False,https://t.co/HKjQgCPF5s,zxx,0,1,0,0,0,0.0,3278,1422,20724,772
False,2019-03-06 21:09:04+00:00,Twitter Web App,False,"Screenshots of a Tweet
#SocialMediaIn4Words",en,1,0,1,1,0,0.0,738,726,6918,129
False,2019-03-04 22:24:50+00:00,Twitter Web App,False,"Been there, Tweeted that",en,1,0,0,0,0,0.0,6139,1127,30217,594
False,2019-03-03 03:00:58+00:00,Twitter Web App,False,Whatcha doin?,en,1,0,0,0,0,0.0,3084,6383,27598,2893
False,2019-03-01 17:08:23+00:00,Twitter Web Client,False,Youâ€™re a legend in your own timeline,en,1,0,0,0,0,0.6,21365,3347,71229,3736
False,2019-02-28 20:05:30+00:00,Twitter Web App,False,hungry,en,1,0,0,0,0,0.0,14159,3590,52474,4324
False,2019-02-27 22:54:09+00:00,Twitter Web App,False,Get off Twitter for a minute and tell someone you love them. In person if you can!,en,1,0,0,0,0,0.625,11521,2574,38088,3011
False,2019-02-26 23:02:01+00:00,Twitter Web App,False,"Your turn!

â¬œï¸â¬›ï¸â¬œï¸â¬›ï¸â¬œï¸
â¬›ï¸â¬›ï¸â¬›ï¸â¬›ï¸â¬›ï¸
â¬œï¸â¬›ï¸âŒâ¬›ï¸â¬œï¸
â¬›ï¸â¬›ï¸â¬›ï¸â¬›ï¸â¬›ï¸
â¬œï¸â¬›ï¸â¬œï¸â¬›ï¸â¬œï¸",en,1,0,0,0,1,0.0,2276,2567,18983,511
False,2019-02-25 23:09:49+00:00,Twitter Web Client,False,hmmmm,qst,1,0,0,0,0,0.0,11170,3581,38966,5653
False,2019-02-25 00:45:28+00:00,Twitter Web Client,False,Your #Oscars acceptance speech in a Tweet,en,1,0,1,1,0,0.0,1023,1972,16925,753
False,2019-02-24 04:00:06+00:00,Twitter Web Client,False,meow,en,1,0,0,0,0,0.0,25814,8241,94918,9751
False,2019-02-21 20:53:45+00:00,Twitter Web App,False,"Want more âœ¨? We do too. Starting today, you can now switch between latest and top Tweets on Twitter Lite, Twitter for Windows, and https://t.co/AIUgyCj4rs.",en,1,1,0,0,1,0.375,233,229,1911,47
False,2019-02-21 16:22:39+00:00,Twitter Web App,False,What time is it?!,en,1,0,0,0,0,0.0,3347,11129,34557,8104
False,2019-02-20 16:02:16+00:00,Twitter Web Client,False,"We donâ€™t deserve them. Letâ€™s see yours! ğŸ‘‡

#LoveYourPetDay",en,1,0,1,1,1,0.0,1593,3084,14851,124
False,2019-02-19 22:13:23+00:00,Twitter Web App,False,a ğŸ§µ,qst,1,0,0,0,1,0.0,1930,1591,18268,443
False,2019-02-15 18:00:13+00:00,Twitter Media Studio,False,Tweeting from the ğŸš½? @chrissyteigen https://t.co/AHIM4WOhq4,en,1,1,0,0,1,0.0,888,401,9572,207
False,2019-02-14 19:43:36+00:00,Twitter Web Client,False,"Aaand for those of you on Android, weâ€™re rolling out this experiment to you now.",en,1,0,0,0,0,0.0,238,238,3005,42
False,2019-02-14 15:00:08+00:00,Twitter Web Client,False,ğŸ’‹,art,0,0,0,0,1,0.0,8061,3202,54726,1743
False,2019-02-13 20:37:21+00:00,Twitter Web App,False,"Weâ€™re testing an easier way to check out profiles on iOS without leaving your timeline! Simply tap any @ handle in a Tweet, take a peek, follow, and get right back to it. Let us know what you think! https://t.co/dIUFxI2r4C",en,1,1,0,0,0,0.09523809523809523,1222,1093,7710,432
False,2019-02-13 18:57:26+00:00,Twitter Web App,False,"Roses are red,
Twitter is blue,
Like this Tweet
For a #Valentines treat,
(You know you want to) https://t.co/sIAJAgrHvQ",en,1,1,1,1,0,0.0,17151,2303,160935,2774
False,2019-02-12 16:07:06+00:00,Twitter Web App,False,"Your first celeb crush (make it good, they could be ğŸ‘€)",en,1,0,0,0,1,0.475,2528,15586,28645,6150
False,2019-02-11 00:34:58+00:00,Twitter for iPhone,False,Yesssssss,und,1,0,0,0,0,0.0,5037,2796,41396,4372
False,2019-02-08 16:10:07+00:00,Twitter Web Client,False,Aaaaand we're back,en,1,0,0,0,0,0.0,3736,2586,35968,2304
False,2019-02-06 16:30:30+00:00,Twitter Web Client,False,Your dream Tweetup. Whoâ€™s invited??,en,1,0,0,0,0,0.0,2284,2293,24447,796
False,2019-02-05 18:01:02+00:00,Twitter Media Studio,False,"Go #BehindTheTweets with the unofficial mayor of Twitter, @chrissyteigen https://t.co/oCf9UMtL5O",en,1,1,1,1,0,0.0,3774,901,32938,578
False,2019-02-04 00:09:00+00:00,Twitter for iPhone,False,Pass the snacks,en,1,0,0,0,0,0.0,4401,1615,33565,980
False,2019-02-01 20:01:48+00:00,Twitter Web App,False,#NewProfilePic throwback edition. Your turn! https://t.co/lH2vMHrYPE,en,1,1,1,1,0,0.0,4027,1388,30994,596
False,2019-02-01 05:00:21+00:00,Twitter Web App,False,Zzzzzzzzzzzzzzz,und,1,0,0,0,0,0.0,10963,2348,43445,3143
False,2019-01-31 18:30:15+00:00,Twitter Web App,False,Whatâ€™s happening??,en,1,0,0,0,0,0.0,5245,7973,34228,11585
False,2019-01-30 17:05:25+00:00,Twitter Web Client,False,"Here's
 âŠ‚_ãƒ½
 ã€€ ï¼¼ï¼¼  
 ã€€ã€€ ï¼¼( Í¡Â° ÍœÊ– Í¡Â°)
 ã€€ã€€ã€€ &gt;ã€€âŒ’ãƒ½
 ã€€ã€€ã€€/ ã€€ ã¸ï¼¼
 ã€€ã€€ /ã€€ã€€/ã€€ï¼¼ï¼¼the
 ã€€ã€€ ï¾šã€€ãƒã€€ã€€ ãƒ½_ã¤
 ã€€ã€€/ã€€/
 ã€€ /ã€€/|
 ã€€(ã€€(ãƒ½
 ã€€|ã€€|ã€ï¼¼Tweet
 ã€€| ä¸¿ ï¼¼ âŒ’)
 ã€€| |ã€€ã€€) /
 ãƒ )ã€€ã€€Lï¾‰
 (_ï¼",ja,1,0,0,0,1,0.0,24075,2618,85246,1551
False,2019-01-28 20:06:32+00:00,Twitter Web App,False,One thing you'd Tweet your teenage self,en,1,0,0,0,0,0.0,2111,8139,22681,12853
False,2019-01-26 17:50:21+00:00,Twitter Web App,False,ğš‘ğš’!,qst,1,0,0,0,1,0.0,7096,6123,52496,1550
False,2019-01-23 17:24:23+00:00,Twitter for iPhone,False,ğŸ,art,0,0,0,0,1,0.0,10031,8103,61504,9051
False,2019-01-22 19:17:24+00:00,Twitter Web App,False,"A new https://t.co/fHiPXozBdO is coming.

Some of you got an opt-in to try it now. Check out the emoji button, quick keyboard shortcuts, upgraded trends, advanced search, and more. Let us know your thoughts! https://t.co/G8gWvdHnzB",en,1,1,0,0,0,0.3736742424242424,3574,2037,16211,1292
False,2019-01-21 05:47:27+00:00,Twitter Web Client,False,ğŸ‘ŒğŸ’‰ğŸºğŸŒ’,art,0,0,0,0,1,0.0,3310,1133,27110,438
False,2019-01-20 18:50:36+00:00,Twitter Web Client,False,Tweeting...,en,1,0,0,0,0,0.0,7697,3192,53932,1502
False,2019-01-18 21:46:03+00:00,Twitter Web Client,False,Weekends spark joy,en,1,0,0,0,0,0.8,4984,1051,29323,848
False,2019-01-17 15:02:49+00:00,Twitter Web Client,False,You. In emojis.,en,1,0,0,0,0,0.0,3850,12947,40876,32312
False,2019-01-17 02:00:52+00:00,Twitter Web Client,False,Your edit button requests #TriggersMeIn4Words,en,1,0,1,1,0,0.0,6199,2698,32555,2659
False,2019-01-16 16:08:00+00:00,Twitter Web Client,False,You got this,en,1,0,0,0,0,0.0,16643,2881,63496,3974
False,2019-01-15 19:59:08+00:00,Twitter Web App,False,"Android, we got you. Starting today, tap âœ¨ to switch between latest and top Tweets. https://t.co/7rXo3BNEJ6",en,1,1,0,0,1,0.3333333333333333,993,528,4439,447
False,2019-01-15 01:14:07+00:00,Twitter Web Client,False,brb,qst,1,0,0,0,0,0.0,6127,2638,38420,1953
False,2019-01-11 04:30:07+00:00,Twitter Web Client,False,Go to sleep,en,1,0,0,0,0,0.0,27938,7284,112123,9417
False,2019-01-08 19:01:34+00:00,Twitter Web Client,False,Hahahahahahahaha,tl,1,0,0,0,0,0.0,45457,7987,146623,25630
False,2019-01-02 19:25:21+00:00,Twitter Web Client,False,"Work, work, work, work, work, work",en,1,0,0,0,0,0.0,31904,4523,101961,6490
False,2019-01-01 17:42:35+00:00,Twitter Web Client,False,ğŸ£,art,0,0,0,0,1,0.0,17169,4547,94288,4074
False,2018-12-30 22:01:03+00:00,Twitter Web Client,False,"â¤ï¸ this Tweet to start 2019 with a bang 

#HappyNewYear https://t.co/egW24kOJu7",en,1,1,1,1,1,0.0,34040,4315,237151,4497
False,2018-12-28 15:30:07+00:00,Twitter Web Client,False,Your 2018 in emojis,en,1,0,0,0,0,0.0,4585,20037,48117,25462
False,2018-12-24 20:00:46+00:00,Twitter Web Client,False,Nice,en,1,0,0,0,0,0.6,1921,837,17971,517
False,2018-12-24 20:00:46+00:00,Twitter Web Client,False,Naughty,en,1,0,0,0,0,-0.15000000000000002,10966,1942,59635,2106
False,2018-12-21 17:12:00+00:00,Twitter Web Client,False,Guess what,en,1,0,0,0,0,0.0,4598,9961,41575,8173
False,2018-12-20 15:01:00+00:00,Twitter Web App,False,Favorite follow?,en,1,0,0,0,0,0.5,2589,7593,33141,1981
False,2018-12-20 01:00:09+00:00,Twitter Web App,False,https://t.co/2Wmc2t2wZn,zxx,0,1,0,0,0,0.0,958,521,6639,293
False,2018-12-18 17:03:34+00:00,Twitter Web App,False,"New on iOS! Starting today, you can tap âœ¨ to switch between the latest and top Tweets in your timeline. Coming soon to Android. https://t.co/6B9OQG391S",en,1,1,0,0,1,0.29261363636363635,3401,893,9954,1343
False,2018-12-18 02:31:24+00:00,Twitter Web App,False,First word that pops into your head,en,1,0,0,0,0,0.25,3036,19256,35951,7163
False,2018-12-06 21:24:45+00:00,Twitter Web App,False,Tweet or it didnâ€™t happen.,en,1,0,0,0,0,0.0,5828,1682,29346,933
False,2018-12-06 17:08:52+00:00,Twitter Web App,False,ğŸ‘‹,art,0,0,0,0,1,0.0,5833,3396,43962,1753
False,2018-12-04 21:38:54+00:00,Twitter Web App,False,Retweet?,en,1,0,0,0,0,0.0,41257,3611,44169,2218
False,2018-12-03 19:08:23+00:00,Twitter Web App,False,"youâ€™re = you are 
your = belongs to you

Youâ€™re welcome",en,1,0,0,0,0,0.8,38919,4361,140788,4987
False,2018-12-03 03:00:00+00:00,Twitter Web App,False,Tweets or sleep ğŸ¤”,en,1,0,0,0,1,0.0,5717,3171,39274,2364
False,2018-11-30 16:57:51+00:00,Twitter Web App,False,That Tweet you're thinking about Tweeting,en,1,0,0,0,0,0.0,4677,2163,27573,1202
False,2018-11-29 16:08:33+00:00,Twitter Web App,False,â € â € â € â € â € â € â € â € â € â € â € â € â € â € â € â € â € â € â € â € â € â € â € â € â € â € â € â € â € â € â € â € â € â € â € â € â € â € â € â € â € â € â € â € â € â € â € â € â € â € â € â € â € â € â € â € â € â € â € â € â € â € â € â € â € â € â € â € â € â € â € â € â € â € â € â € â € â €â €â €â €â €â €â €â €â €â €â €â €â €â €â €â €â €â €â €â €â €â €â €â €,und,1,0,0,0,1,0.0,52803,12400,201146,77464
False,2018-11-29 01:38:11+00:00,Twitter Web Client,False,"Wow, that's big. https://t.co/j97g551KGg",en,1,1,0,0,0,0.05,2069,703,16875,418
False,2018-11-28 18:27:23+00:00,Twitter Web App,False,"This is it, this is the Tweet.",en,1,0,0,0,0,0.0,7729,2071,45403,1426
False,2018-11-27 23:58:47+00:00,Twitter Web App,False,Mmhmmmm,ht,1,0,0,0,0,0.0,10547,2687,39913,5057
False,2018-11-27 18:18:44+00:00,Twitter Web App,False,Charities you support. Causes that matter. #GivingTuesday ğŸ™,en,1,0,1,1,1,0.0,606,280,4535,63
False,2018-11-22 16:54:56+00:00,Twitter Web Client,False,"Tweet what you eat

#HappyThanksgiving",en,1,0,1,1,0,0.0,1526,2438,15299,925
False,2018-11-22 00:47:02+00:00,Twitter Web Client,False,â™¥ï¸ this Tweet. Youâ€™ll be #thankful you did https://t.co/fI1SrmLCHj,en,1,1,1,1,1,0.0,6138,1065,68657,730
False,2018-11-21 18:35:24+00:00,Twitter Web App,False,Thoughts?,en,1,0,0,0,0,0.0,2247,4715,21894,2714
False,2018-11-21 01:00:16+00:00,Twitter Web App,False,One thing that made you smile today,en,1,0,0,0,0,0.3,2628,5604,23191,4091
False,2018-11-20 18:09:20+00:00,Twitter Web App,False,Bring on the Tweets,en,1,0,0,0,0,0.0,1977,1996,16516,616
False,2018-11-19 20:46:19+00:00,Twitter Web App,False,Awkward,en,1,0,0,0,0,-0.6,10217,2050,52004,2663
False,2018-11-19 15:35:34+00:00,Twitter Web Client,False,"When a bit of mistaken identity turns into holiday cheer.

Hereâ€™s to @johnlewis for bringing the spirit of @jlandpartners every season, even if heâ€™s not @eltonofficial. #NotARetailStore

https://t.co/fbwI1F80t2",en,1,1,1,1,0,0.0,313,77,1964,73
False,2018-11-16 15:30:25+00:00,Twitter Web App,False,Did you just see that?,en,1,0,0,0,0,0.0,2083,3069,20093,1051
False,2018-11-15 18:24:01+00:00,Twitter Web App,False,"Pick a number, any number.",en,1,0,0,0,0,0.0,2249,22093,25232,2518
False,2018-11-14 23:40:48+00:00,Twitter Web Client,False,"ğŸ” just got an upgrade. We added sections so itâ€™s easier for you to see the Tweets you care about the most, starting today in the US. https://t.co/BuZA9CvgGk",en,1,1,0,0,1,0.25,594,270,2540,115
False,2018-11-14 00:06:57+00:00,Twitter Web App,False,A subtweet,en,1,0,0,0,0,0.0,2562,966,18594,406
False,2018-11-13 15:02:35+00:00,Twitter Web App,False,"==(_____________________________)==
         |          It's time to Tweet
           |       #ForTheThrone
            |
           |             April 2019
         |__________________________
==(_____________________________)== https://t.co/e2ahQFhfLk",en,1,1,1,1,0,-0.75,3053,274,11578,204
False,2018-11-12 17:59:55+00:00,Twitter Web App,False,"Twitter, do your thing.",en,1,0,0,0,0,0.0,6504,2421,38340,1020
False,2018-11-09 18:08:28+00:00,Twitter Web App,False,"{\__/} 
( â€¢ . â€¢) 
/ &gt; ğŸ¤ u want this?

{\__/} 
( â€¢ . â€¢) 
/ &gt; ğŸ’¬ Tweet",en,1,0,0,0,1,0.0,6212,1572,33968,438
False,2018-11-05 22:33:21+00:00,Twitter for iPhone,False,"thank u, vote",en,1,0,0,0,0,0.0,41119,1574,148293,1744
False,2018-11-01 16:42:35+00:00,Twitter Web App,False,Wow.,qst,1,0,0,0,0,0.1,10444,2561,41055,8186
False,2018-10-31 22:27:54+00:00,Twitter Web Client,False,"Sometimes you want to see the latest Tweets, first. Weâ€™re testing a way for you to make it easier to switch your timeline between the latest and top Tweets. Starting today, a small number of you will see this test on iOS. https://t.co/7NHLDUjrIv",en,1,1,0,0,0,0.25,1479,647,5004,839
False,2018-10-31 14:45:38+00:00,Twitter Web Client,False,"Boo

#HappyHalloween",und,1,0,1,1,0,0.0,3054,1140,19943,443
False,2018-10-31 02:04:23+00:00,Twitter Web App,False,"â™¥ï¸ this Tweet for a #Halloween treat.

https://t.co/7uOn1V73Cc",en,1,1,1,1,1,0.0,15965,916,100164,1688
False,2018-10-25 15:07:31+00:00,Twitter Web App,False,A poll:,en,1,0,0,0,0,0.0,499,725,3611,130
False,2018-10-24 21:01:24+00:00,Twitter Web App,False,We just made it easier to Tweet your go-to GIF. This one's ours. ğŸ‘‡ https://t.co/dEMUb9vhpx,en,1,1,0,0,1,0.0,296,327,2080,49
False,2018-10-24 16:13:09+00:00,Twitter for iPhone,False,ğŸ’™,art,0,0,0,0,1,0.0,6672,3222,35247,2525
False,2018-10-23 17:49:36+00:00,Twitter Web App,False,"(â€¢_â€¢)
&lt;)   )â•¯You are
 /    \

\(â€¢_â€¢)
 (   (&gt; What
 /    \

 (â€¢_â€¢)
&lt;)   )&gt; You Tweet
 /    \",en,1,0,0,0,1,0.25,21193,2858,60940,3493
False,2018-10-22 21:22:34+00:00,Twitter Web App,False,Pssst... your Uber driver is on Twitter too.,en,1,0,0,0,0,0.0,868,633,9888,190
False,2018-10-20 16:32:05+00:00,Twitter Web App,False,Tweets. All the Tweets. #HowISurviveIn4Words,en,1,0,1,1,0,0.0,775,1161,6337,285
False,2018-10-20 03:00:07+00:00,Twitter Web App,False,Night mode ğŸ•¶,en,1,0,0,0,1,0.0,2714,1296,20243,509
False,2018-10-19 19:31:59+00:00,Twitter Web App,False,Your nickname is your new @ name. What's yours?,en,1,0,0,0,0,0.13636363636363635,788,3046,8983,646
False,2018-10-18 20:31:17+00:00,Twitter Web App,False,"Knock, knock.",en,1,0,0,0,0,0.0,3216,6240,22304,2457
False,2018-10-17 15:31:14+00:00,Twitter Web App,False,"|ï¿£ï¿£ï¿£ï¿£ï¿£ï¿£ï¿£ï¿£ï¿£ï¿£ï¿£|
Â Â Â Â Â Â Â Â Â Â Â Â Â  Be sweet 
Â Â Â Â Â Â  when you Tweet
|ï¼¿ï¼¿ï¼¿ï¼¿ï¼¿ï¼¿ï¼¿ï¼¿ï¼¿ï¼¿ï¼¿| 
Â Â Â Â Â Â Â Â Â Â Â Â Â Â Â  \ (â€¢â—¡â€¢) / 
Â Â Â Â Â Â Â Â Â Â Â Â Â Â Â Â Â  \Â Â Â Â Â  / 
Â Â Â Â Â Â Â Â Â Â Â Â Â Â Â Â Â Â Â  ---
Â Â Â Â Â Â Â Â Â Â Â Â Â Â Â Â Â Â Â  |Â Â  |",en,1,0,0,0,1,0.35,43020,6095,134908,8632
False,2018-10-16 20:09:28+00:00,Twitter Web App,False,Tweeting from? ğŸŒğŸ›ğŸš½,en,1,0,0,0,1,0.0,1280,3912,11216,880
False,2018-10-16 18:14:24+00:00,Twitter Web App,False,"Well, that was weird. https://t.co/2cYhjPclck",en,1,1,0,0,0,-0.5,598,159,3788,45
False,2018-10-16 01:00:49+00:00,Twitter Web App,False,"Go ahead, Tweet your drafts.",en,1,0,0,0,0,0.0,1612,1193,11073,1067
False,2018-10-14 01:00:17+00:00,Twitter Web Client,False,Current mood?,en,1,0,0,0,0,0.0,1498,6373,17214,2716
False,2018-10-11 17:09:13+00:00,Twitter Web App,False,Pick two words from your bio. Itâ€™s your next tattoo.,en,1,0,0,0,0,0.0,1625,7204,14850,41196
False,2018-10-10 23:33:19+00:00,Twitter Web App,False,Sexy Edit Button https://t.co/UYm9Hc9p7M,en,1,1,0,0,0,0.5,33230,1430,120355,3188
False,2018-10-10 16:01:42+00:00,Twitter Web App,False,Is this thing on?,en,1,0,0,0,0,0.0,1713,1995,15825,585
False,2018-10-09 16:03:52+00:00,Twitter Web App,False,Whoâ€™s your #TwitterCrush?,en,1,0,1,1,0,0.0,1766,5955,10451,5261
False,2018-10-08 19:45:03+00:00,Twitter Web Client,False,"If youâ€™re reading this Tweet, youâ€™re winning.",en,1,0,0,0,0,0.5,10671,3424,48837,1434
False,2018-10-04 15:04:07+00:00,Twitter Web App,False,#tbt https://t.co/xuU2WLshTl,qme,0,1,1,1,0,0.0,5152,611,15023,826
False,2018-10-03 19:30:15+00:00,Twitter Web App,False,?!,qst,1,0,0,0,0,0.0,4130,3063,15401,1744
False,2018-10-03 01:00:06+00:00,Twitter Web App,False,Youâ€™re stranded on a desert island. Your phone has charge for just one final Tweet. Go!,en,1,0,0,0,0,0.0,2678,12379,21844,24184
False,2018-10-01 20:02:52+00:00,Twitter Web App,False,We can't believe this website is free,en,1,0,0,0,0,0.4,23593,6869,89709,13721
False,2018-09-25 13:58:52+00:00,Twitter Web App,False,Do @ us.,en,1,0,0,0,0,0.0,1251,3220,12644,488
False,2018-09-24 01:29:59+00:00,Twitter Web Client,False,We just tweeted. To say. We love you. #LoveTwitter,en,1,0,1,1,0,0.5,4787,2579,33179,1062
False,2018-09-21 14:37:33+00:00,Twitter Web Client,False,The,qst,1,0,0,0,0,0.0,13232,8036,50930,7037
False,2018-09-20 14:26:07+00:00,Twitter Web Client,False,Us. Daily. https://t.co/kXa44Wj4Br,en,1,1,0,0,0,0.0,806,173,5772,60
False,2018-09-20 00:57:43+00:00,Twitter Web App,False,Your go-to gif. Show us yours and weâ€™ll show you ours.,en,1,0,0,0,0,0.0,678,3804,8870,69
False,2018-09-19 15:22:20+00:00,Twitter Web App,False,"Tweet, tweet.",fr,1,0,0,0,0,0.0,7441,3168,38853,1308
False,2018-09-18 18:44:26+00:00,Twitter Web App,False,"Well, hello. https://t.co/LMULVgpe30",en,1,1,0,0,0,0.0,153,183,2126,27
False,2018-09-18 17:32:23+00:00,Twitter Web App,False,".@jackâ€™s very first drawing of us back in 2005. Love ya, Dad! https://t.co/fTtMUYMkDu",en,1,1,0,0,0,0.31666666666666665,1219,183,5799,196
False,2018-09-18 00:46:45+00:00,Twitter Web App,False,ğŸ‘€,art,0,0,0,0,1,0.0,5212,3430,26758,1866
False,2018-09-17 04:29:13+00:00,Twitter Web App,False,Who's up?,en,1,0,0,0,0,0.0,6242,5729,43986,1409
False,2018-09-14 19:18:13+00:00,Twitter Web Client,False,Tweet the meaning behind your Twitter handle. We'll start. We're Twitter.,en,1,0,0,0,0,-0.4,4710,18244,35046,75349
False,2018-09-13 20:21:31+00:00,Twitter Web Client,False,"Weâ€™re making it easier to find and watch live broadcasts. Now, when accounts you follow go live, the stream will appear right at the top of your timeline.

Catch breaking news, your favorite personalities, and can't-miss sports moments. Rolling out now on iOS and Android. https://t.co/gka2NDHGDX",en,1,1,0,0,0,0.3116883116883117,576,181,2183,195
False,2018-09-12 23:48:05+00:00,Twitter Web App,False,Looks like a hashtag to us. https://t.co/HoZI864WkS,en,1,1,0,0,0,0.0,120,52,1134,10
False,2018-09-10 20:28:06+00:00,Twitter for Advertisers.,False,"Remember, there is always help. Find the resources you or your loved ones may need, by clicking below. 

#WorldSuicidePreventionDay",en,1,0,1,1,0,0.7,774,96,2184,71
False,2018-09-07 16:32:27+00:00,Twitter Web Client,False,"Sometimes you just want to talk, without being on camera. Weâ€™re launching audio-only broadcasting, so your followers can hear, but not see you. 

Rolling out now for iOS. https://t.co/tBsm37NcdH",en,1,1,0,0,0,0.0,4437,737,11062,7283
False,2018-09-06 16:41:53+00:00,Twitter Web Client,False,"Love to use Bookmarks and want it on web? Into scrolling through Explore to see what's happening?

We are testing out a new Twitter for web, which a small number of people will see today. Love it? Missing something? Reply and tell us. Don't have the new experience? Stay tuned. https://t.co/w4TiRrVFHU",en,1,1,0,0,0,0.13712121212121212,420,276,1629,256
False,2018-09-03 01:05:00+00:00,Twitter Web Client,False,"Saying hi to #LGBTQTwitter.

https://t.co/8s7t3Jmd9T",en,1,1,1,1,0,0.0,669,284,3604,115
False,2018-08-30 17:09:44+00:00,Twitter Web Client,False,"In order to run an Issue Ad in the US, you must now be certified. Read more about what this means.

https://t.co/JpKWcQiMAB",en,1,1,0,0,0,0.5,117,96,585,24
False,2018-08-30 17:09:44+00:00,Twitter Web Client,False,"We're expanding our policy around political ads on Twitter. Starting on September 30, you will have more information about who is promoting Tweets on specific issues. Here's what this will look like. https://t.co/FH4mUCgk5a",en,1,1,0,0,0,0.125,248,98,901,33
False,2018-08-25 00:28:42+00:00,Twitter Web Client,False,"Yes, we know that song. https://t.co/AOGlQEVC8F",en,1,1,0,0,0,0.0,4269,387,17330,1251
False,2018-08-23 23:34:39+00:00,Twitter Web Client,False,"From #MeToo to #BTSArmy, here are some of the hashtags that have meant the most to you this year. #HashtagDay

https://t.co/Og8kPv617x",en,1,1,1,1,0,0.5,737,149,2570,89
False,2018-08-23 17:11:04+00:00,Twitter Web Client,False,"11 years ago today, the hashtag was born on Twitter. Now, 125M+ hashtags are shared every day. Which hashtag defined your year? Tweet with #HashtagDay and tell us why.",en,1,0,1,1,0,0.0,6514,2317,25811,1873
False,2018-08-22 19:01:39+00:00,Twitter Web Client,False,"Are your Direct Messages open, to chat privately with anyone? If so, youâ€™ll see two sections: Inbox, with messages from people you follow; and Requests, for messages from people you donâ€™t follow.

Requests are now filtered, so it's easier to see those useful messages. https://t.co/qE76m1rhqg",en,1,1,0,0,0,0.1,479,131,2063,55
False,2018-08-20 16:13:36+00:00,Twitter Web Client,False,"Did you know that you can find out when you joined Twitter, just by looking at your profile? The month and year are right there. Month-long celebration? We think yes.

How do you use Twitter? To Tweet with friends? Keep up on the news? Follow your favorite band? Tell us. ğŸ‘‡",en,1,0,0,0,1,0.39285714285714285,762,1070,7952,123
False,2018-08-15 16:58:33+00:00,Twitter Web Client,False,"Bookmarks, the new inspiration board. How are you using them? https://t.co/QSAaXuVfks",en,1,1,0,0,0,0.13636363636363635,137,140,1032,34
False,2018-08-13 17:01:21+00:00,Twitter Web Client,False,"Don't let data worries keep you from Twitter. Twitter Lite is now in 21 more countries.

Stay informed with push notifications. Save data and space on your device. Turn on night mode. Bookmark Tweets to read later.

Download in the Google Play Store. ğŸ‘‡

https://t.co/vt2K81Cnf3",en,1,1,0,0,1,0.5,613,823,2891,135
False,2018-08-01 15:48:34+00:00,Twitter Web Client,False,#WhyIJoinedTwitter is trending. Weâ€™re curious. Letâ€™s hear it.,en,1,0,1,1,0,-0.1,794,1397,4615,731
False,2018-07-30 13:06:44+00:00,Twitter Web App,False,"An update on our commitment to serve and contribute to the health of the public conversation on Twitter. ğŸ‘‡

Not sure what that means? 

Healthy conversation is elevating the positive dialogue and discussion we're having together, over behaviors like abuse and harassment. https://t.co/OI1Hzn9Feh",en,1,1,0,0,1,0.11931818181818182,337,405,1464,111
False,2018-07-27 01:42:26+00:00,Twitter Web Client,False,"People are asking us if we shadow ban. We don't. Read more to get all the facts.

https://t.co/UUg6NTPvJK",en,1,1,0,0,0,0.5,1591,2233,3696,1945
False,2018-07-18 22:21:40+00:00,Twitter Web Client,False,"Found a Tweet in another language? Into football and want to read @KAKA's Tweets? Love K-pop and ready to join the @BTS_twt conversation?

Click Translate Tweet!

This is rolling out on https://t.co/AIUgyCj4rs, Twitter Lite, and Twitter for Windows. Youâ€™re basically multilingual.",en,1,1,0,0,0,0.35,3162,292,8989,166
False,2018-07-11 16:03:58+00:00,Twitter Web Client,False,"What does this mean for your follower count?

Most people will see a change of four followers or fewer; others with larger follower counts may experience a more significant drop.

Read more. ğŸ‘‡

https://t.co/BNPFKU7iME",en,1,1,0,0,1,0.2125,2129,655,4194,601
False,2018-07-11 16:03:58+00:00,Twitter Web Client,False,"What are locked accounts?

When we see sudden changes in behavior, we lock accounts. We reach out to the owners of the accounts and unless they validate the account and reset their passwords, we keep them locked with no ability to log in.",en,1,0,0,0,0,0.0,1894,598,4318,585
False,2018-07-11 16:03:57+00:00,Twitter Web Client,False,"We are committed to building trust and encouraging healthy conversation on Twitter.

Follower counts should be meaningful and accurate. We are removing locked accounts from follower counts.",en,1,0,0,0,0,0.46666666666666673,12800,2853,54650,5525
False,2018-07-06 16:25:15+00:00,Twitter Web Client,False,"ğŸ¶, ğŸ€, ğŸ“º, ğŸ‘ , ğŸ¥, or ğŸ®?

New to Twitter? Curious about what's happening?

Find new accounts to follow based on your interests, and join the conversation on Twitter. ğŸ‘‡

https://t.co/ORS4N1lvuX",en,1,1,0,0,1,0.057575757575757565,2912,540,29945,127
False,2018-07-05 23:09:44+00:00,Twitter Web Client,False,"3ï¸âƒ£ pieces of #AdviceForNewTwitterUsers:

ğŸ” Explore: Search anything and everything. Join the conversation. 
ğŸ’™ Engage: Like and Retweet the Tweets you enjoy. Try it!
âœ”ï¸ Follow: Love ğŸ¾? ğŸ¨? ğŸ¶? There are Twitter accounts for every interest, so start following.",en,1,0,1,1,1,0.3333333333333333,305,131,1409,55
False,2018-07-01 20:43:40+00:00,Twitter Web Client,False,ğŸ’™ğŸ’™ğŸ’™ https://t.co/xqNuKl4mOL,und,0,1,0,0,1,0.0,135,127,1403,18
False,2018-06-28 17:14:16+00:00,Twitter Web Client,False,"Interested in how this affects political advertising on Twitter? 

Read more about our Political Campaigning Policy. ğŸ‘‡

https://t.co/ceFu9hvC7s",en,1,1,0,0,1,0.1875,138,81,701,12
False,2018-06-28 17:14:16+00:00,Twitter Web Client,False,"How does it work? Use search! ğŸ”

You can now simply search for any Twitter handle and see all of the ads that ran from that handle over the past week.",en,1,0,0,0,1,-0.125,98,37,586,14
False,2018-06-28 17:14:16+00:00,Twitter Web Client,False,"Want to find out who is advertising on Twitter? ğŸ’°

Today we launched the Ads Transparency Center, which lets you do just that. https://t.co/LYs8mpm3x6",en,1,1,0,0,1,-0.1,413,124,1825,94
False,2018-06-19 13:15:42+00:00,Twitter Web Client,False,"Identity, equality, and all of the ğŸŒˆ love. 

A look at the importance of #Pride2018 and what it means to people around the world.

https://t.co/rVOejMB5OY",en,1,1,1,1,1,0.5,5884,551,34567,330
False,2018-06-13 16:09:13+00:00,Twitter Web Client,False,"âœ”ï¸ your timeline and news

Feel like you're in the newsroom! ğŸ“° Youâ€™ll see Tweets, videos, and photos about breaking news delivered to you in a collection at the top of your timeline. https://t.co/7yXAbvt9JJ",en,1,1,0,0,1,0.5,257,220,1154,214
False,2018-06-13 16:09:13+00:00,Twitter Web Client,False,"âœ”ï¸ organized Explore tab

Love ğŸ“ºâš½&amp;ğŸ¶, but not ğŸ€ğŸ¬&amp;ğŸ­? Your Explore tab will be organized by interest so you can see more of the news you care about.",en,1,0,0,0,1,0.5,104,33,685,11
False,2018-06-13 16:09:13+00:00,Twitter Web Client,False,"âœ”ï¸ improved Moments format

Enjoy the Moments you love, the same way you enjoy your timeline! Moments will scroll vertically, meaning you can just keep scrolling, scrolling, scrolling.",en,1,0,0,0,1,0.3333333333333333,74,37,428,12
False,2018-06-13 16:09:13+00:00,Twitter Web Client,False,"See whatâ€™s happening with 3ï¸âƒ£ updated ways to find and follow news and events on Twitter.

âœ”ï¸ improved Moments format
âœ”ï¸ organized Explore tab
âœ”ï¸ your timeline and news",en,1,0,0,0,1,0.0,356,317,1820,97
False,2018-06-06 15:44:35+00:00,Twitter Web Client,False,"Why is #Pride2018 important to you? 

ğŸ¤ Community &amp; Support
ğŸ‰ Celebration &amp; Visibility
ğŸ³ï¸â€ğŸŒˆ History &amp; Gratitude
ğŸ‘‹ Other

We want to highlight your experiences. Tweet with #Pride2018 and we may feature your Tweet in a special Moment.",en,1,0,1,1,1,0.37857142857142856,6717,1410,48449,545
False,2018-06-01 19:45:05+00:00,Twitter Web Client,False,"Twitter is proud to support #Pride2018 and the LGBTQIA community. 

Join us in celebrating #PrideMonth and inclusion around the world. https://t.co/VV4nmAN6Y8",en,1,1,1,1,0,0.8,773,334,3778,121
False,2018-05-24 20:40:30+00:00,Twitter Web Client,False,"Here's a #TBT for you: 

1ï¸âƒ£ Click the link below.
2ï¸âƒ£ Hit ""Latest."" 
3ï¸âƒ£ Travel back in time on Twitter. https://t.co/vE5s49te2V",en,1,1,1,1,1,0.25,379,183,1477,82
False,2018-05-22 21:03:50+00:00,Twitter Web Client,False,"âœ”ï¸ updated Tweet compose box 

The new Tweet compose box makes it possible for you to move more easily between your Tweet and timeline, so all of your Tweets are on point.",en,1,0,0,0,1,0.26742424242424245,181,137,1048,26
False,2018-05-22 21:03:49+00:00,Twitter Web Client,False,"âœ”ï¸Â real time updates on reply, Retweet, and like counts

Watching a Tweet go viral? The reply, Retweet, and like counts now update in real time, right before your very eyes.",en,1,0,0,0,1,0.22142857142857142,153,55,952,15
False,2018-05-22 21:03:49+00:00,Twitter Web Client,False,"âœ”ï¸ night mode

Night owl? Love late night Tweeting? You can now switch to night mode for all that midnight scrolling.",en,1,0,0,0,1,0.1,113,41,538,21
False,2018-05-22 21:03:49+00:00,Twitter Web Client,False,"We are rolling out the following features to https://t.co/AIUgyCj4rs, Twitter Lite, and Twitter for Windows to provide more consistency across platforms. See whatâ€™s new. ğŸ‘‡

âœ”ï¸ night mode
âœ”ï¸ real time updates on reply, Retweet, and like counts
âœ”ï¸ updated Tweet compose box",en,1,1,0,0,1,0.2090909090909091,505,225,2110,146
False,2018-05-17 20:23:48+00:00,Twitter Ads,False,"#YannyOrLaurel?

With over 2.3 million Tweets sent in the debate, here are the results! ğŸ‘‡ https://t.co/FQBHGieJc6",en,1,1,1,1,1,0.0,519,350,2519,188
False,2018-05-07 14:39:12+00:00,Twitter Web Client,False,"Two years after an accident left @albertopajariyo in a wheelchair and unable to communicate, he returned to Twitter thanks to technology.

Welcome back, Alberto! https://t.co/SAF5aQ0BM7",en,1,1,0,0,0,-0.075,226,431,1572,24
False,2018-05-03 19:43:05+00:00,Twitter Web Client,False,"Twitter thanks all who shared on #WorldPressFreedomDay. 

Follow the hashtag #ImAJournalistBecause to see stories behind the profession.

https://t.co/pTm18YavCu",en,1,1,1,1,0,-0.1,211,113,991,17
False,2018-05-02 23:46:14+00:00,Twitter Ads,False,"Twitter supports #WorldPressFreedomDay

Join the conversation with #ImAJournalistBecause to see stories from reporters, editors, videographers, photographers, and more. https://t.co/YoefwfMCw6",en,1,1,1,1,0,0.5,2794,633,9177,421
False,2018-05-01 16:06:58+00:00,Twitter Web Client,False,"Update the new Twitter for Windows app to receive: 

âœ”ï¸ Extended character limit to 280 characters
âœ”ï¸ Explore tab to find topics relevant to your interests
âœ”ï¸Ability to bookmark Tweets to be read later

Learn more below and download the app: 

https://t.co/rYAtj9UJqc",en,1,1,0,0,1,0.34545454545454546,257,182,1036,69
False,2018-05-01 16:06:57+00:00,Twitter Web Client,False,"We encourage you to update the app as we will no longer continue to support previous versions beginning on June 1. Weâ€™re doing this to focus on providing our Windows users with the latest and greatest, like night mode, which is coming soon.",en,1,0,0,0,0,0.4444444444444445,197,91,937,28
False,2018-05-01 16:06:07+00:00,Twitter for Advertisers.,False,"Today weâ€™re introducing a brand new Twitter for Windows app. 

Access a faster, easier to use experience with a refreshed look and feel. Learn more in our blog and download the new app today!",en,1,0,0,0,0,0.2689393939393939,919,625,4448,349
False,2018-04-24 14:23:44+00:00,Twitter Web Client,False,"Protecting and defending your privacy is at the heart of our work. Today, weâ€™re launching our new Privacy Policy and Terms of Service, which will come into effect on May 25.

âœ… https://t.co/ER2YmKhhmS
âœ… https://t.co/H3Mzy2MmzN

Learn more here:
https://t.co/aaypujhk5R",en,1,1,0,0,1,0.3181818181818182,889,396,2811,164
False,2018-04-10 14:19:41+00:00,Twitter Web Client,False,"Twitter is proud to support #EqualPayDay, today and every day.

All of our people, of all genders, races, and ethnicities, are paid equitably. We are committed to creating a diverse and inclusive workplace for all.",en,1,0,1,1,0,0.8,1479,717,6385,189
False,2018-03-26 01:20:10+00:00,Twitter Web Client,False,"Following @MsTiffanyBenderâ€™s conversation with @KenidraRWoods_ @CliftonKinnie and @NzaAriKhepra, @elizluke sits down with them and other students from across the country impacted by gun violence. #StudentsForChange
https://t.co/aP7CIxeGqt",en,1,1,1,1,0,-0.09351851851851851,199,127,829,28
False,2018-03-23 16:58:57+00:00,Periscope,False,Watch the #StudentsForChange Q&amp;A with @TeenVogue now. https://t.co/ZhZ76bWPim,en,1,1,1,1,0,0.0,376,85,1452,21
False,2018-03-23 12:21:55+00:00,Twitter Web Client,False,"Meet the students and activists speaking truth to power about gun violence and challenging the status quo.

@KenidraRWoods_ @NzaAriKhepra &amp; @CliftonKinnie, in todayâ€™s @TeenVogue, join us at 1pm ET for a livestream here on @Twitter.

Tweet your questions using #StudentsForChange. https://t.co/emvrA1e399",en,1,1,1,1,0,0.5,508,146,1481,51
False,2018-03-21 14:50:38+00:00,Twitter Web Client,False,"#LoveTwitter

https://t.co/0p0XwEN7jR",qme,0,1,1,1,0,0.0,221,73,980,28
False,2018-03-21 14:50:38+00:00,Twitter Web Client,False,"&lt;REPLY TO PERSON ONE&gt; &lt;TWEET COPY GOES IN HERE&gt; &lt;WEBSITE LINK GOES HERE&gt; &lt;TWITPIC PICTURE LINK&gt; &lt;TAG PERSON ONE&gt; &lt;TAG PERSON TWO&gt; &lt;TAG PER... ğŸ˜¡

#LoveTwitter

https://t.co/7TdctL7LWc",en,1,1,1,1,1,0.0,150,26,735,9
False,2018-03-21 14:50:37+00:00,Twitter Web Client,False,"The whale may have failed but this costume didn't. 

#LoveTwitter

https://t.co/wOFKYSJlEM",en,1,1,1,1,0,-0.5,73,14,382,12
False,2018-03-21 14:50:37+00:00,Twitter Web Client,False,"Twitterprofilepic_2014.jpg 

#LoveTwitter  

https://t.co/Iy0PstQGq8",tl,1,1,1,1,0,0.0,138,15,535,9
False,2018-03-21 14:50:36+00:00,Twitter Web Client,False,"Is 40404 still in your contact list? 

#LoveTwitter  

https://t.co/VNvocLuWoW",en,1,1,1,1,0,0.0,95,21,427,21
False,2018-03-21 14:50:36+00:00,Twitter Web Client,False,"Throwback to the days when you had to write 'RT' in order to Retweet.

#LoveTwitter

https://t.co/OrCXl3HOR6",en,1,1,1,1,0,0.0,272,21,629,37
False,2018-03-21 14:50:35+00:00,Twitter Web Client,False,"When asking 'What's Happening?' took on a life of its own.

#LoveTwitter

https://t.co/2cciAMZhN2",en,1,1,1,1,0,0.6,158,11,553,9
False,2018-03-21 14:50:35+00:00,Twitter Web Client,False,"Over the past 12 years, youâ€™ve helped make Twitter what it is today. Here's a look back at some of the fun moments along the way. 
 
#LoveTwitter",en,1,0,1,1,0,0.016666666666666663,1669,344,5177,458
False,2018-03-19 23:45:06+00:00,Twitter Web Client,False,"Watch the replay of the #AskMSDStudents Q&amp;A, right here.

https://t.co/W8gR1Auog9",en,1,1,1,1,0,0.2857142857142857,83,80,531,12
False,2018-03-19 16:32:35+00:00,Twitter Web Client,False,"Watch the #AskMSDStudents Q&amp;A now.

https://t.co/uBfvq26neW",en,1,1,1,1,0,0.0,398,76,1348,39
False,2018-03-19 13:03:26+00:00,Twitter Web Client,False,Tweet your questions now using #AskMSDStudents and watch the live Q&amp;A here at 12:30pm ET. https://t.co/Fwl3597T2Y,en,1,1,1,1,0,0.13636363636363635,130,57,673,17
False,2018-03-16 20:51:31+00:00,Twitter Web Client,False,"Survivors. Students. Activists.

@Emma4Change @davidhogg111 @cameron_kasky @al3xw1nd @JaclynCorin @Ryan_Deitsch will start the journey to #MarchForOurLives with a Q&amp;A livestreamed on @Twitter.

Monday, March 19th 12:30pm ET

Watch live, Tweet your questions using #AskMSDStudents",en,1,0,1,1,0,0.13636363636363635,2102,1143,7790,386
False,2018-03-08 22:54:58+00:00,Twitter Web Client,False,"Powerful voices. Inspiring women.

#InternationalWomensDay

https://t.co/mMUcgDlzO2",en,1,1,1,1,0,0.4,182,152,886,26
False,2018-03-08 17:05:29+00:00,Twitter Web Client,False,"We asked celebrities on the red carpet this awards season who inspires them.
 
#SheInspiresMe
#InternationalWomensDay

https://t.co/Di3dhCaPPV",en,1,1,1,1,0,0.0,98,31,609,7
False,2018-03-08 14:01:46+00:00,Twitter Web Client,False,https://t.co/HxtJw1nZZN,zxx,0,1,0,0,0,0.0,97,63,586,10
False,2018-03-07 20:00:15+00:00,Twitter Web Client,False,"The sun has risen on #InternationalWomensDay in Australia. ğŸŒ

Who is a woman that inspires you? ğŸ‘‡

#HereWeAre",en,1,0,1,1,1,0.0,498,1606,3525,174
False,2018-03-05 06:45:04+00:00,Twitter Web Client,False,"Voices unite to bring #HereWeAre to the world.

Find inspiration and see how the conversation unfolded on Twitter. 
https://t.co/CtuomNCtqk",en,1,1,1,1,0,0.0,194,63,967,22
False,2018-03-05 06:33:05+00:00,Twitter Web Client,False,Definitely blue. âœŒï¸ https://t.co/YtA2UN7X3v,en,1,1,0,0,1,0.0,76,29,784,9
False,2018-03-05 04:06:39+00:00,Twitter Web Client,False,"""when a woman tells her own story
she lives forever""

Powerful words from the inspiring poet @denicefrohman.

#HereWeAre https://t.co/BqiWPl6KzZ",en,1,1,1,1,0,0.4666666666666666,368,190,1616,67
False,2018-03-05 01:49:52+00:00,Twitter Web Client,False,"We stand with women around the world to make their voices heard and their presence known. To bring them front and center, today and every day. Join us as we say #HereWeAre
https://t.co/bVXGJ1NibP",en,1,1,1,1,0,-0.1,17490,5320,59596,3142
False,2018-03-04 17:16:35+00:00,Twitter Web Client,False,"They're Tweets of the week for a reason.

Enjoy some of this week's best. ğŸ‘‡
https://t.co/S8IRwo4NNb",en,1,1,0,0,1,1.0,104,33,722,8
