is Elon Musk,created at,text,source,possibly sensitive,lang,sentiment,retweet count,reply count,like count,quote count
False,2022-11-12 22:29:23+00:00,"We‚Äôve just announced a new Courage and Civility award recipient ‚Äî  @DollyParton, who leads with her heart, and will put this $100 million award to great use helping so many people. She joins prior awardees, @VanJones68 and @Chefjoseandres.  Congrats, Dolly! ",Twitter for iPhone,False,en,0.3590909090909091,993,2173,7098,301
False,2022-10-18 23:40:39+00:00,"Yep, the probabilities in this economy tell you to batten down the hatches. ",Twitter for iPhone,False,en,-0.15555555555555559,1333,2499,8255,501
False,2022-10-12 19:56:33+00:00,"The Hutch is going to do incredible things with this.

",Twitter for iPhone,False,en,0.9,573,1389,4848,108
False,2022-10-09 23:30:29+00:00,Invention. You can still improve even an axe! Damn. ,Twitter for iPhone,False,en,0.0,3880,2152,49705,321
False,2022-10-05 18:48:40+00:00,Go @JSalke and @AmazonStudios! ,Twitter for iPhone,False,en,0.0,162,737,1211,35
False,2022-09-20 22:14:59+00:00,,Twitter for iPhone,False,zxx,0.0,262,1854,2320,96
False,2022-09-10 18:33:46+00:00,,Twitter for iPhone,False,zxx,0.0,426,1541,2615,70
False,2022-09-10 02:05:31+00:00,"If you want unusual results, you‚Äôre going to need some missionary, brilliant ‚Äúorganizational misfits‚Äù on your team.

",Twitter for iPhone,False,en,0.55,467,1239,4051,106
False,2022-09-08 18:29:00+00:00,I can think of no one who better personified duty. My deepest condolences to all the Brits mourning her passing today. ,Twitter for iPhone,False,en,0.5,1309,1681,23753,406
False,2022-09-08 16:51:35+00:00,This is someone supposedly working to make the world better? I don‚Äôt think so. Wow. ,Twitter for iPhone,False,en,0.3,10709,13242,75973,14795
False,2022-09-03 22:38:51+00:00,"Go Middle-earth!
",Twitter for iPhone,False,en,0.0,778,1836,12175,182
False,2022-09-03 15:24:08+00:00,Good point. Thank you. (And very excited about what you‚Äôre working on.) ,Twitter for iPhone,False,en,0.59375,198,547,2335,35
False,2022-08-28 21:44:31+00:00,My first job. And still the same great burger. Happy Sunday! ,Twitter for iPhone,False,en,0.5125,9383,11508,209527,4758
False,2022-08-08 17:11:02+00:00,Leaders can only get so far ahead‚Ä¶ ,Twitter for iPhone,False,en,0.05,1166,1586,9444,130
False,2022-08-06 21:28:43+00:00,"My friend and a friend to many, Tom Alberg, has passed away. He was an early investor in Amazon and served on our board for 23 years. Tom was a visionary and also just a wonderful, good man. I was so lucky to have you in my life, Tom. We will all miss you dearly. ",Twitter for iPhone,False,en,0.5266666666666666,506,1205,11258,86
False,2022-07-22 19:12:50+00:00,New trailer released at Comic-Con today #TheRingsofPower ,Twitter Media Studio,False,en,0.13636363636363635,786,1398,6343,184
False,2022-07-22 14:26:22+00:00,Let‚Äôs go! ,Twitter for iPhone,False,en,0.0,457,6195,4738,60
False,2022-07-14 15:44:33+00:00,First full-length trailer #TheRingsOfPower ,Twitter Media Studio,False,en,0.14166666666666666,1423,1411,10279,407
False,2022-07-03 01:42:17+00:00,Ouch. Inflation is far too important a problem for the White House to keep making statements like this. It‚Äôs either straight ahead misdirection or a deep misunderstanding of basic market dynamics. ,Twitter for iPhone,False,en,0.11666666666666665,31590,26071,190934,7213
False,2022-06-19 23:01:45+00:00,"I love you, Dad. ",Twitter for iPhone,False,en,0.5,1721,3030,69169,345
False,2022-05-31 21:11:31+00:00,Incredible ,Twitter for iPhone,False,en,0.9,872,7143,9792,132
False,2022-05-26 15:02:12+00:00,What a truly beautiful observation‚Ä¶ ,Twitter for iPhone,False,en,0.85,860,1290,11368,123
False,2022-05-24 02:16:11+00:00,Thanks for the history shout out here. Many twists and turns and failures and successes in those 23 years‚Ä¶ ,Twitter for iPhone,False,en,0.35,735,1310,6939,88
False,2022-05-24 02:05:21+00:00,,Twitter for iPhone,False,zxx,0.0,256,803,2980,49
False,2022-05-18 19:11:13+00:00,"I have this old 2006 BusinessWeek framed as a reminder. The ‚Äúrisky bet‚Äù that Wall Street disliked was AWS, which generated revenue of more than $62 billion last year. ",Twitter for iPhone,False,en,0.1,12784,4398,118976,1727
False,2022-05-17 14:46:49+00:00,If you‚Äôre looking for some scary bedtime reading‚Ä¶ ,Twitter for iPhone,False,en,-0.5,1646,1838,22167,326
False,2022-05-16 16:34:31+00:00,"their best to add another $3.5 TRILLION to federal spending. They failed, but if they had succeeded, inflation would be even higher than it is today, and inflation today is at a 40 year high.",Twitter for iPhone,False,en,0.2275,3153,2832,32912,465
False,2022-05-16 16:33:50+00:00,"Look, a squirrel! This is the White House‚Äôs statement about my recent tweets. They understandably want to muddy the topic. They know inflation hurts the neediest the most. But unions aren‚Äôt causing inflation and neither are wealthy people.  Remember the Administration tried‚Ä¶ ",Twitter for iPhone,False,en,0.25,7855,9450,62363,2742
False,2022-05-16 14:22:35+00:00,"25 years ago yesterday, AMZN went public. As the Grateful Dead would say, ‚ÄúWhat a long, strange trip it‚Äôs been.‚Äù

It‚Äôs been far from smooth. Lots of risk-taking, lots of invention, lots of mistakes, so much we still have to do better. I wouldn‚Äôt trade the ride for anything.",Twitter for iPhone,False,en,0.1125,2087,2565,32839,640
False,2022-05-15 14:33:07+00:00,"In fact, the administration tried hard to inject even more stimulus into an already over-heated, inflationary economy and only Manchin saved them from themselves. Inflation is a regressive tax that most hurts the least affluent. Misdirection doesn‚Äôt help the country. ",Twitter for iPhone,False,en,0.17638888888888885,7758,6337,58182,3353
False,2022-05-14 02:56:41+00:00,"The newly created Disinformation Board should review this tweet, or maybe they need to form a new Non Sequitur Board instead. Raising corp taxes is fine to discuss. Taming inflation is critical to discuss. Mushing them together is just misdirection. ",Twitter for iPhone,False,en,0.17234848484848486,20538,16220,163941,6340
False,2022-05-13 19:21:53+00:00,Slide decks are maybe useful for persuasion ‚Äî think sales calls. But you don‚Äôt want that for internal decision meetings.,Twitter for iPhone,False,en,0.15,237,470,3735,53
False,2022-05-13 19:02:25+00:00,Help me out. How do I edit a typo on twitter? Oh right‚Ä¶,Twitter for iPhone,False,en,0.0,343,1109,6988,307
False,2022-05-13 18:56:54+00:00,Slide decks hide can shallow thinking. Narratively structured memos are harder to write because they require better thinking. It‚Äôs worth it. ,Twitter for iPhone,False,en,0.09166666666666666,1191,803,13136,442
False,2022-05-13 17:07:53+00:00,Big potential. ,Twitter for iPhone,False,en,0.0,183,574,2222,34
False,2022-05-13 16:41:14+00:00,"My dad is an intense, hard worker, and he‚Äôs also warm and teaches an easy smile and self-deprecating humor. My brother, sister and I could not have a better role model. We love him and are so proud of him for this well-deserved recognition from @StatueEllisFdn ",Twitter for iPhone,False,en,0.38020833333333337,317,472,3708,57
False,2022-05-12 23:42:37+00:00,Agree 100%. Would add: Civility is hard. Name calling and ad hominem attacks are easy and when you use them it makes it harder to work together. ,Twitter for iPhone,False,en,0.013888888888888886,420,843,5025,139
False,2022-05-09 23:03:17+00:00,"Congrats, Katya! ",Twitter for iPhone,False,hi,0.0,267,544,2780,50
False,2022-05-09 21:49:32+00:00,The Pulitzers‚Äô gold medal prize for public service isn‚Äôt given to an individual but to the entire organization. Huge kudos and congrats to the whole Washington Post team! ,Twitter for iPhone,False,en,0.13000000000000003,141,383,1354,42
False,2022-05-08 15:56:12+00:00,"Mom, I have no idea how you did what you did.  You kept us both safe inside your heart. Thank you for sharing your strength and for all the sacrifices you made. I love you. ",Twitter for iPhone,False,en,0.5,1244,1409,32937,127
False,2022-05-08 02:40:53+00:00,Too many of our elected officials are still using these techniques‚Ä¶,Twitter for iPhone,False,en,0.5,907,1072,7684,171
False,2022-04-30 23:30:49+00:00,Bill is without doubt one of the smartest people I know and always worth listening to. Most people dramatically underestimate the remarkableness of this bull run. Such things are unstoppable ‚Ä¶ until they aren‚Äôt.  Markets teach. The lessons can be painful. ,Twitter for iPhone,False,en,0.025000000000000022,1582,1670,13376,490
False,2022-04-28 21:23:33+00:00,So damn cool. Congrats to MiMi and the whole Mars helicopter team. ,Twitter for iPhone,False,en,0.275,284,666,3565,47
False,2022-04-27 14:05:08+00:00,Now THAT‚ÄôS a good use of twitter. ,Twitter for iPhone,False,en,0.7,278,861,7190,100
False,2022-04-26 01:06:11+00:00,But we‚Äôll see. Musk is extremely good at navigating this kind of complexity.,Twitter for iPhone,False,en,0.6499999999999999,682,1208,11665,267
False,2022-04-26 01:05:05+00:00,"My own answer to this question is probably not. The more likely outcome in this regard is complexity in China for Tesla, rather than censorship at Twitter.",Twitter for iPhone,False,en,0.3666666666666667,537,932,7497,203
False,2022-04-26 00:11:03+00:00,Agree ‚Äî this is a fascinating piece ‚Äî no one drawn as a cartoon. Thanks for the link and reco. ,Twitter for iPhone,False,en,0.44999999999999996,333,537,5267,369
False,2022-04-25 23:29:44+00:00,Interesting question. Did the Chinese government just gain a bit of leverage over the town square? ,Twitter for iPhone,False,en,0.25,5390,13552,29030,5588
False,2022-04-21 04:42:11+00:00,One of the many steps we‚Äôre making to meet our Climate Pledge commitment. ,Twitter for iPhone,False,en,0.5,182,803,2203,75
False,2022-04-19 21:33:54+00:00,"Pls consider taking a moment and voting for Van Jones and Uncommon Ground. He‚Äôs a passionate, courageous leader with a big tent approach ‚Äî a unifier who stays focused on the mission and takes help from all corners. We‚Äôd all be a bit better off if more people took that approach. ",Twitter for iPhone,False,en,0.35,115,595,1221,40
False,2022-04-19 01:46:52+00:00,Here‚Äôs the short version‚Ä¶,Twitter for iPhone,False,en,0.0,116,204,1208,32
False,2022-04-19 01:44:18+00:00,,Twitter for iPhone,False,zxx,0.0,205,503,1882,158
False,2022-04-19 01:42:23+00:00,"This piece by Jonathan Haidt is thoughtful, beautifully written, and important. Very worth the long read. ",Twitter for iPhone,False,en,0.398,1727,1001,10579,390
False,2022-04-10 20:23:37+00:00,Or do portion. Worked out great and makes it easy for employees who want to volunteer.  ,Twitter for iPhone,False,en,0.6166666666666667,2026,2214,37307,520
False,2022-04-06 18:09:59+00:00,"(2/2) and evaluates many factors including the ability to advance, skills growth, company stability, external opportunity, company affinity, and gender diversity.

Thank you to each and every one of Amazon‚Äôs employees for all your hard work and dedication. It is Day 1.",Twitter for iPhone,False,en,0.06944444444444443,116,453,1681,23
False,2022-04-06 18:09:59+00:00,"We must be better every day, and we know there is even more to do, but super proud of Amazon being ranked the #1 place where people want to work by LinkedIn. Their methodology uses LinkedIn‚Äôs unique data set from its 810 million members (1/2) ",Twitter for iPhone,False,en,0.5016666666666667,579,1297,6728,208
False,2022-04-01 00:25:09+00:00,"We‚Äôve just opened a second humanitarian aid hub to help Ukrainian refugees ‚Äî this one in Poland. Like the first one we opened in Slovakia, it‚Äôs a fulfillment center dedicated to this issue, using our logistics and distribution experience to help. ",Twitter for iPhone,False,en,0.049999999999999996,482,1037,5748,109
False,2022-03-31 02:02:38+00:00,"So great meeting you and learning about your work, Thomas. Incredible and inspiring. ",Twitter for iPhone,False,en,0.7333333333333334,245,543,2315,40
False,2022-03-30 18:39:52+00:00,,Twitter for iPhone,False,zxx,0.0,150,478,1459,28
False,2022-03-23 22:26:20+00:00,Two legends of the booth coming to @NFLonPrime. ,Twitter for iPhone,False,en,0.0,117,748,1036,35
False,2022-02-14 01:41:17+00:00,LOTR Super Bowl teaser... ,Twitter Media Studio,False,en,0.3333333333333333,1341,2536,10910,633
False,2022-02-07 15:37:20+00:00,"Alexa, play our new Super Bowl ad. ",Twitter for iPhone,False,en,0.23484848484848483,1011,1648,9121,363
False,2022-01-28 20:44:33+00:00,It was a year ago that the White House launched #Justice40. Proud of the Earth Fund team for helping drive it forward. ,Twitter for iPhone,False,en,0.4,208,1385,1809,75
False,2022-01-19 15:00:19+00:00,(2/2) ,Twitter for iPhone,False,und,0.0,734,856,7257,300
False,2022-01-19 15:00:02+00:00,Coming this September 2nd. Can‚Äôt wait for you to see it. @LOTRonPrime  (1/2) ,Twitter for iPhone,False,en,0.0,2103,3075,27930,2137
False,2022-01-05 17:47:08+00:00,Thanks @jonerlichman. 25 years ago today. Note the Netscape browser. ,Twitter for iPhone,False,en,0.2,1191,2019,10837,148
False,2021-12-12 01:59:03+00:00,(2/2) All of Edwardsville should know that the Amazon team is committed to supporting them and will be by their side through this crisis. We extend our fullest gratitude to all the incredible first responders who have worked so tirelessly at the site.,Twitter for iPhone,False,en,0.4666666666666666,203,1320,2853,94
False,2021-12-12 01:59:03+00:00,"The news from Edwardsville is tragic. We‚Äôre heartbroken over the loss of our teammates there, and our thoughts and prayers are with their families and loved ones. (1/2)",Twitter for iPhone,False,en,-0.025000000000000022,418,3714,5329,289
False,2021-12-10 14:56:39+00:00,Loved being with @MichaelStrahan on Thursday Night Football. Gave him a little something to pack for his flight. ,Twitter for iPhone,False,en,0.25625,330,1848,4649,110
False,2021-12-10 00:51:02+00:00,"Congrats again, DJ. No one more deserving than you for the People‚Äôs Champ Award. ",Twitter for iPhone,False,en,0.55,186,1055,2669,52
False,2021-12-06 19:20:43+00:00,"Today the Washington Post and the world lost an exceptional journalist and remarkable man: long-time Editorial Page Editor Fred Hiatt. I will miss his thoughtfulness, professionalism, and warm friendship. Our thoughts are with his beloved family at this difficult time. ",Twitter for iPhone,False,en,0.44333333333333336,259,1396,2991,70
False,2021-11-24 18:30:29+00:00,"Welcome aboard, Michael! ",Twitter for iPhone,False,en,1.0,339,2651,3764,72
False,2021-11-17 13:50:58+00:00,"(2/2) This year‚Äôs grants go to 32 groups led by experts who are making a difference in their communities, and the funds will help them further expand their important work. ",Twitter for iPhone,False,en,0.2,148,956,1418,41
False,2021-11-17 13:50:58+00:00,"For the fourth year in a row, the Bezos Day 1 Families Fund is making donations to organizations helping families in need across the U.S. These grants will provide support including housing, food, clothing, and other resources to help families get back on their feet. (1/2) ",Twitter for iPhone,False,en,-0.041666666666666664,398,2262,7518,114
False,2021-11-12 23:14:22+00:00,"(2/2) Our deepest sympathies are with his partner, Leah, and all his loved ones. The world lost you too soon, Glen.",Twitter for iPhone,False,en,0.7,107,668,2126,33
False,2021-11-12 23:14:22+00:00,"Such a tragic loss. Warm and full of life, Glen made us laugh and lit up the room. He was a visionary, and an innovator ‚Äì a true leader. Lauren and I are heartbroken and will remember the precious time we got to spend together. (1/2) ",Twitter for iPhone,False,en,0.19285714285714284,436,1552,7164,74
False,2021-11-08 14:43:07+00:00,"Leo, come over here, I want to show you something‚Ä¶ @LeoDiCaprio  ",Twitter for iPhone,False,en,0.0,41995,9131,263698,23294
False,2021-11-05 15:43:47+00:00,"Congrats on this important work, @ChefJoseAndres. As you say: build longer tables, not higher walls.  ",Twitter for iPhone,False,en,0.1375,290,879,2908,66
False,2021-11-04 17:23:16+00:00,"Not the decision we wanted, but we respect the court‚Äôs judgment, and wish full success for NASA and SpaceX on the contract. ",Twitter for iPhone,False,en,0.32499999999999996,2188,4069,27358,948
False,2021-11-02 18:44:57+00:00,Very proud to be one of the founding funders of Prince William‚Äôs Earthshot Prize. It‚Äôs easy to see how passionate and thoughtful he is about this important work. ,Twitter for iPhone,False,en,0.43666666666666665,480,916,5339,94
False,2021-11-02 11:15:35+00:00,"(2/2) transnational marine protected area on the planet, covering an area larger than California. Thank you to this group for their boldness on this important work.",Twitter for iPhone,False,en,0.2,168,277,1529,28
False,2021-11-02 11:15:33+00:00,"At #COP26, Lauren and I discussed conservation of land and sea with leaders from Colombia, Ecuador, Panama, Costa Rica, and Bolivia. Together, they oversee one of the most diverse regions on earth. The @BezosEarthFund is working with them to help create the largest (1/2) ",Twitter for iPhone,False,en,0.5,973,518,4902,161
False,2021-11-01 15:32:10+00:00,"Wonderful meeting with Tuntiak Katan from the Shuar tribe in Ecuador and Solange Bandiaky-Badji, from the Rights and Resources Institute. Indigenous peoples are custodians of over a third of the world‚Äôs tropical forests. We must champion their efforts to protect our planet. ",Twitter for iPhone,False,en,0.5,902,684,6074,193
False,2021-10-31 21:37:24+00:00,"The Prince of Wales has been involved in fighting climate change and protecting our beautiful world far longer than most. We had a chance to discuss these important issues on the eve of #COP26 ‚Äî looking for solutions to heal our world, and how the @BezosEarthFund can help. ",Twitter for iPhone,False,en,0.4625,447,1716,4822,404
False,2021-10-22 15:30:26+00:00,"‚ÄúClosing my eyes now, I still feel that irresistible tug ‚Ä¶ pulling my heart from my chest and out over the edge of the world.‚Äù - @cboshuizen
",Twitter for iPhone,False,en,0.0,271,1832,2950,92
False,2021-10-13 12:53:24+00:00,"Bill, Audrey, Chris, Glen ‚Äî you‚Äôre about to share an experience that will forever change how you view the world. Godspeed. This is how it starts. üöÄ ",Twitter for iPhone,False,en,0.0,902,1981,12915,192
False,2021-10-11 14:03:45+00:00,I‚Äôm game. ,Twitter for iPhone,False,en,-0.4,906,1231,13874,208
False,2021-10-11 03:28:58+00:00,"Listen and be open, but don‚Äôt let anybody tell you who you are. This was just one of the many stories telling us all the ways we were going to fail. Today, Amazon is one of the world‚Äôs most successful companies and has revolutionized two entirely different industries. ",Twitter for iPhone,False,en,0.20833333333333334,11168,3759,74614,1633
False,2021-10-07 15:56:07+00:00,"Anderson laughs through the whole interview. 

Bill Shatner = Legend ",Twitter for iPhone,False,en,0.2,255,787,2846,54
False,2021-10-07 01:39:48+00:00,"A lot to still prove out here for sure, but the Rivian team is world class, and @RJScaringe is one of the greatest entrepreneurs I‚Äôve ever met. 

Now, RJ, where are our vans?!

",Twitter for iPhone,False,en,0.75,256,644,2990,121
False,2021-10-06 14:59:55+00:00,"New @007 film is amazing and fun. Loved it, and I miss Daniel Craig already. Can‚Äôt wait to see who Barbara Broccoli and Michael Wilson pick next. ",Twitter for iPhone,False,en,0.3472727272727273,283,620,4338,92
False,2021-10-03 17:31:55+00:00,"No, just simple admiration. ",Twitter for iPhone,False,en,0.0,206,898,4238,78
False,2021-10-02 22:39:18+00:00,".@ReedHastings and Ted Sarandos and the team at @Netflix get it right so often. Their internationalization strategy isn‚Äôt easy, and they‚Äôre making it work. Impressive and inspiring. (And I can‚Äôt wait to watch the show.) ",Twitter for iPhone,False,en,0.5547619047619048,717,819,7124,643
False,2021-10-01 13:02:13+00:00,(2/2) The two articles are only 8 months apart. ,Twitter for iPhone,False,en,0.0,101,294,1594,31
False,2021-10-01 13:02:13+00:00,"After many failures and setbacks in gaming we have a success. So proud of the team for the persistence. View setbacks as helpful obstacles that drive learning. Whatever your goals are, don‚Äôt give up no matter how hard it gets. @playnewworld (1/2) ",Twitter for iPhone,False,en,0.25166666666666665,554,816,5573,209
False,2021-09-20 22:47:01+00:00,"Good exchange of ideas on climate change with a lot of passion around preserving and restoring the natural world. There might also have been a side conversation about who‚Äôs better ‚Äî Asimov or Clarke. The meeting was useful and enjoyable. Thank you, @BorisJohnson. ",Twitter for iPhone,False,en,0.41999999999999993,399,1224,7134,142
False,2021-09-16 16:08:08+00:00,Congratulations to @ElonMusk and the @SpaceX team on their successful Inspiration4 launch last night. Another step towards a future where space is accessible to all of us.,Twitter for iPhone,False,en,0.28125,7272,5430,128423,1696
False,2020-02-28 17:17:58+00:00,"Discussing climate, sustainability, and preserving the natural world with President @EmmanuelMacron today in Paris. #BezosEarthFund #ClimatePledge ",Twitter for iPhone,False,en,0.1,2548,19928,32068,1575
False,2020-02-03 02:16:32+00:00,"I just took a DNA test, turns out I‚Äôm 100% @lizzo‚Äôs biggest fan. #SBLIV ",Twitter for iPhone,False,en,0.0,13724,13598,119062,15401
False,2020-01-29 17:30:21+00:00,"Hey, Alexa ‚Äî show everyone our upcoming Super Bowl ad. Thanks @TheEllenShow and @PortiaDeRossi! ",Twitter Web App,False,en,0.29166666666666663,2740,3566,21614,657
False,2020-01-22 19:03:20+00:00,#Jamal ,Twitter Web App,False,qme,0.0,5132,5243,35471,1583
False,2020-01-20 03:04:23+00:00,"Hey, India. We‚Äôre rolling out our new fleet of electric delivery rickshaws. Fully electric. Zero carbon. #ClimatePledge ",Twitter for iPhone,False,en,0.13636363636363635,9721,6225,74206,2053
False,2020-01-19 11:53:39+00:00,Proud of the program we have in India to hire and train deaf associates at our delivery stations. Managers learn basic sign language to be able to communicate. Meeting this group was a moving experience for me. ,Twitter for iPhone,False,en,0.43333333333333335,2509,2498,28079,345
False,2020-01-18 07:52:25+00:00,"Amazon partners with thousands of kirana stores all over India as delivery points. It‚Äôs good for customers, and it helps the shop owners earn additional income. Got to visit one in Mumbai. Thank you, Amol, for letting me deliver a package. #MSME ",Twitter for iPhone,False,en,0.7,2472,2126,27216,367
False,2020-01-17 11:46:23+00:00,Lots of fun on stage with @iamsrk and Zoya Akhtar. ,Twitter for iPhone,False,en,0.3,5111,1623,32883,513
False,2020-01-16 10:11:59+00:00,Grabbing a quick selfie with @AmitAgarwal at India‚Äôs small business summit. Everyone squeeze in a little tighter! #amazonsmbhav ,Twitter for iPhone,False,en,-0.05034722222222223,749,1245,13256,104
False,2020-01-15 14:11:04+00:00,Dynamism. Energy. Democracy. #IndianCentury ,Twitter Media Studio,False,en,0.0,3502,1677,19804,780
False,2020-01-14 15:04:42+00:00,"Just landed in India and spent a beautiful afternoon paying my respects to someone who truly changed the world. ‚ÄúLive as if you were to die tomorrow. Learn as if you were to live forever."" - Mahatma Gandhi. ",Twitter Web App,False,en,0.2556818181818182,8219,3168,58916,1249
False,2019-12-17 23:07:07+00:00,Toured @LeeMontessori in Washington D.C. with a team from Day 1 Academies. It was great to meet these kids ‚Äî they‚Äôre energetic and energizing. Lee is doing an amazing job unleashing their love of learning. ,Twitter Web App,False,en,0.6000000000000001,498,1351,5731,115
False,2019-12-12 03:21:03+00:00,Picture perfect flight @BlueOrigin. And this vehicle has now flown to space &amp; back six times making this a new milestone. We carried 23 payloads today including thousands of postcards from kids all over the world for @ClubforFuture. Keep them coming kids &amp; we‚Äôll keep flying them! ,Twitter for iPhone,False,en,0.39015151515151514,1400,1258,11339,197
False,2019-11-22 21:56:17+00:00,"Nice! Amazon ranked #1 best managed company. Definitely the result of strong teamwork from people who care deeply and passionately about customers, their fellow employees, and the environment. Huge thank you and kudos to all Amazonians. ",Twitter Web App,False,en,0.3619047619047619,1093,2169,9253,309
False,2019-11-21 14:19:51+00:00,"Excited to announce this year's Bezos Day One grants. Thank you to these 32 organizations in 23 states working to end homelessness. I recently spent time with the amazing team at Community of Hope in Washington, D.C. ‚Äì one of last year‚Äôs grantees.  ",Twitter Web App,False,en,0.21875000000000003,441,1076,3430,115
False,2019-11-11 14:02:42+00:00,"Congrats to David &amp; all the veterans graduating from the Amazon Apprenticeship program who are now in technical careers! They join the more than 21,000 veterans and military spouses working at Amazon. Huge thank you to them and all who‚Äôve served. #VeteransDay #AmazonWarriors ",Twitter Web App,False,en,0.2,503,874,6531,99
False,2019-10-22 21:15:14+00:00,"It‚Äôs time to go back to the Moon, this time to stay. @LockheedMartin @northropgrumman @DraperLab @blueorigin #gradatimferociter ",Twitter for iPhone,False,en,0.0,1413,1674,8801,495
False,2019-10-21 19:41:50+00:00,"Dropped in on an #AmazonFutureEngineer class at Dunbar H.S. in D.C. today. We‚Äôre committed to bringing more resources to kids from underserved communities, and I‚Äôm proud to say we‚Äôre now funding computer science in more than 2,000 high schools across the U.S. #NextGeneration ",Twitter Web App,False,en,0.49,1299,1209,11131,273
False,2019-09-24 13:33:30+00:00,"Thank you to our customers who donated relief items for a second Amazon Air plane of humanitarian aid. Together, more than 400,000 Amazon-donated &amp; customer-donated items have been provided to those affected by #HurricaneDorian in the Bahamas &amp; the US.  ",Twitter Web App,False,en,0.25,401,989,4373,93
False,2019-09-24 01:40:02+00:00,"A record year of #Emmy wins for @PrimeVideo - fantastic work. Huge congrats to the winners and teams behind @Fleabag, @MaiselTV, and A Very English Scandal! ",Twitter Web App,False,en,0.14,244,514,3631,43
False,2019-09-22 19:27:34+00:00,"Good luck to @RachelBros, Phoebe Waller-Bridge, the @MaiselTV and @Fleabag teams, and all @PrimeVideo shows up for #Emmys tonight! ",Twitter Web App,False,en,0.875,208,412,2865,27
False,2019-09-19 15:20:23+00:00,"Super excited about The Climate Pledge. Impossible to do this without @CFigueres. So grateful to you, Christiana. #ClimatePledge #Paris10YearsEarly ",Twitter Web App,False,en,0.013888888888888876,411,605,3070,113
False,2019-09-17 14:55:21+00:00,"Yesterday the first Amazon Air plane loaded with relief items arrived in Nassau, Bahamas to help victims of #HurricaneDorian. The cargo weight was 72,728 lbs, with approx. 19,300 items on board. Huge thanks to the teams across Amazon who made this happen.  ",Twitter Web App,False,en,0.2833333333333334,543,534,4576,93
False,2019-09-16 22:39:48+00:00,Shout out to the new Amazonians who let me drop by their New Hire Orientation today. Incredible to welcome so many smart and passionate people from all over the world. I‚Äôm looking forward to our #AmazonCareerDay events tomorrow! ,Twitter Web App,False,en,0.374930426716141,310,564,4089,58
False,2019-09-13 14:29:04+00:00,"Visited the amazing @Nia_House Montessori in Nashville with @mike_m_george. Learned a lot that‚Äôs going to help Day 1 Academies. By the way, ‚ÄúNia‚Äù means ‚Äúpurpose‚Äù in Swahili. Very cool. ",Twitter Web App,False,en,0.5275000000000001,263,518,2741,51
False,2019-09-11 19:45:24+00:00,"Today, we announced that we added 24 schools in #Nashville to our #AmazonFutureEngineer program. Loved celebrating the great news by building robots with students from Madison Middle School. ",Twitter Web App,False,en,0.5,616,603,5455,108
False,2019-09-09 14:00:58+00:00,We're sending two Amazon Air planes packed with tens of thousands of Amazon-donated and customer-donated relief items to support those impacted by #HurricaneDorian in the Bahamas. Thanks to all the teams who are making this possible.  ,Twitter Web App,False,en,0.1,734,597,5834,145
False,2019-09-08 13:55:38+00:00,Season 2 streams November 1. Can‚Äôt wait. #JackRyan ,Twitter Web App,False,en,0.0,622,598,7821,136
False,2019-09-06 18:09:22+00:00,"Rooting for team India. Good luck, India! #Chandrayaan2 ",Twitter Web App,False,en,0.875,7363,833,43077,357
False,2019-08-29 17:23:55+00:00,.@BlueOrigin founded nonprofit @clubforfuture to inspire youth to pursue careers in #STEM + visualize life in space. We asked students to send postcards w/their dreams and we‚Äôd send the cards above the K√°rm√°n line to space and back. We‚Äôve received thousands - they‚Äôre so inspiring ,Twitter Web App,False,en,0.16666666666666666,308,419,2441,59
False,2019-08-28 19:42:42+00:00,"Had a great meeting with Mike George. We‚Äôre hard at work building Day 1 Academies, and Mike has been busy learning from the best in the field. Here are a few pictures from his listening tour ‚Äì visiting the smart and kind early educators from schools across the country. ",Twitter Web App,False,en,0.290327380952381,257,448,3552,49
False,2019-06-30 14:56:46+00:00,#Pride ,Twitter Web Client,False,qme,0.0,393,924,4876,92
False,2019-06-20 18:10:23+00:00,"So much fun with Caroline Kennedy yesterday at the #JFKSpaceSummit. Her father‚Äôs Rice speech still inspires. We choose to do these things ‚Äúnot because they are easy, but because they are hard.‚Äù #Apollo50 ",Twitter Web Client,False,en,0.14722222222222223,422,753,4861,81
False,2019-06-20 01:37:25+00:00,First hotfire of our #BE7 lunar landing engine just yesterday at Marshall Space Flight Center. Data looks great and hardware is in perfect condition. Test went full planned duration ‚Äì 35 seconds. Kudos to the whole @BlueOrigin team and grateful to @NASA_Marshall for all the help! ,Twitter Web Client,False,en,0.42500000000000004,799,530,6093,122
False,2019-06-16 15:50:56+00:00,"Happy Father‚Äôs Day. You‚Äôre there for me always, and I feel it. I love you, Dad. ",Twitter Web Client,False,en,0.65,921,997,19286,199
False,2019-06-10 22:09:35+00:00,My mom‚Äôs incredible story. Wow. So grateful. So proud. #Grit ,Twitter Web Client,False,en,0.6,525,543,5467,85
False,2019-06-06 18:51:03+00:00,Got a chance to scout some of the cool tech at the first #reMARS event. @HaptX @Rivian @hseas @wyssinstitute ,Twitter Web Client,False,en,0.3,1223,548,7552,255
False,2019-06-06 04:25:07+00:00,Leo‚Äôs story is amazing and so is his mom. #AmazonFutureEngineer ,Twitter Web Client,False,en,0.6000000000000001,531,376,3783,118
False,2019-06-06 03:25:16+00:00,".@AmazonreMARS is all about bringing the best and brightest together, so it‚Äôs fitting that I got to meet Leo ‚Äî one of the first 100 recipients of the #AmazonFutureEngineer scholarship. I have no doubt Leo is going to be an inventor of tomorrow. ",Twitter Web Client,False,en,0.5833333333333334,449,372,3384,42
False,2019-05-28 13:38:44+00:00,"MacKenzie is going to be amazing and thoughtful and effective at philanthropy, and I‚Äôm proud of her. Her letter is so beautiful. Go get ‚Äòem MacKenzie. ",Twitter Web Client,False,en,0.6500000000000001,951,1416,8270,469
False,2019-05-27 13:50:10+00:00,Grateful on this #MemorialDay to the fallen servicemen and women ‚Äî and their families ‚Äî for the ultimate sacrifice they made in defending and supporting our nation. The flag in the picture is on display on the factory wall at @BlueOrigin to remind us every day. ,Twitter Web Client,False,en,0.125,320,348,3596,24
False,2019-05-23 06:25:33+00:00,Great annual shareholder meeting today. #Amazon ,Twitter Web Client,False,en,0.8,256,400,2163,33
False,2019-05-16 13:06:57+00:00,My dad‚Äôs journey to the U.S. shows how people come together to help each other. We got a chance to celebrate him last night for the opening of the Statue of Liberty‚Äôs new museum. This is his story.  ,Twitter Web App,False,en,0.0037878787878787845,1981,696,8229,423
False,2019-05-16 01:03:29+00:00,"At the Statue of Liberty, where my dad‚Äôs being honored with a Liberty Star as part of the new museum‚Äôs opening. When he came here from Cuba at 16, not only was he all alone, but he only spoke Spanish. His grit, determination, and optimism are inspiring. #StatueofLibertyMuseum ",Twitter Web Client,False,en,0.12727272727272726,2165,804,15795,344
False,2019-05-14 21:18:19+00:00,"We‚Äôre investing $1.5 billion in our new air hub to get you your packages faster. Three million square feet, and it‚Äôs going to create 2,000 jobs. And if you‚Äôre guessing that driving a front loader was fun, you‚Äôre right! #amazon #prime ",Twitter Web Client,False,en,0.2645021645021645,1895,1074,11766,460
False,2019-05-12 13:57:47+00:00,"I‚Äôm lucky enough to call her my mom. She‚Äôs kind, patient, supportive, and has always encouraged me to stay curious. Happy Mother‚Äôs Day, Mom! ",Twitter Web Client,False,en,0.38888888888888884,616,547,11193,64
False,2019-05-09 23:46:32+00:00,"Blue Origin is building the infrastructure needed to unleash the next generation of dreamers. I met these young people today, and the future is in great hands. #BlueMoon @clubforfuture ",Twitter Web Client,False,en,0.18,787,428,4849,108
False,2019-05-03 00:55:43+00:00,Congrats to the whole @blueorigin team! ,Twitter Web Client,False,en,0.25,391,341,3521,31
False,2019-04-11 12:30:35+00:00,"Been an honor &amp; pleasure having Tom Alberg on Amazon‚Äôs Board. Tom joined in 1996 and has been with us ever since - over 22 years. I‚Äôll miss his sound judgment, deep well of business &amp; life experience, and his quick wit. He's a smart business person and even better human. Thx Tom!",Twitter Web Client,False,en,0.2412698412698413,216,540,3618,38
False,2019-04-04 17:10:43+00:00,,Twitter Web Client,False,zxx,0.0,1280,1318,10924,364
False,2019-03-19 13:04:05+00:00,"Thank you @FestoAG, but bigger please‚Ä¶. I want to get on! #ThinkBig #MARS2019 ",Twitter Web Client,False,en,0.0,1069,738,7305,226
False,2019-02-07 22:51:01+00:00,"I‚Äôve written a post about developments with the National Enquirer and its parent company, AMI. You can find it here: ",Twitter Web Client,False,en,0.0,23449,11347,82708,8616
False,2019-02-04 02:55:28+00:00,"Grateful for the journalists at the @washingtonpost and around the world who do the work, no matter the risk or dangers they face.
#democracydiesindarkness #SuperBowlAd  ",Twitter for iPhone,False,en,0.0,6044,2231,27464,929
False,2019-01-09 14:17:46+00:00,,Twitter Web Client,False,zxx,0.0,5906,5509,31851,3722
False,2019-01-02 00:35:24+00:00,"I have outstanding news to ring in 2019. Former Alexa VP &amp; long-time Amazonian Mike George has agreed to lead the Day 1 Academies Fund. Mike is a true builder who knows how to start from scratch, and he‚Äôll bring tremendous energy, grit, and passion to the job. Thank you, Mike! ",Twitter Web Client,False,en,0.31666666666666665,677,681,6618,88
False,2018-11-20 14:04:07+00:00,Excited to announce the first annual grants from the Bezos Day 1 Families Fund. $97.5 million to 24 organizations doing needle-moving work on family homelessness. Congrats to the recipients ‚Äì we know you‚Äôll spend the money wisely and with heart.  ,Twitter Web Client,False,en,0.44166666666666665,1051,1052,7364,249
False,2018-11-12 23:09:55+00:00,"Had the privilege today of unveiling our newest Amazon Air 767 - ""Valor"" - named in honor of the thousands of Amazonian veterans and military spouses delivering for our customers every day. #VeteransDay #AmazonWarriors ",Twitter Web Client,False,en,-0.1,1176,768,8882,161
False,2018-11-01 15:05:18+00:00,"Yep, that‚Äôs me. I was lucky to be exposed to tech and coding at a young age. Inspired a lifelong love of invention. I hope the new Amazon Future Engineer program does the same for some kids today.  ",Twitter Web Client,False,en,0.13852813852813853,2149,947,11761,271
False,2018-10-23 14:21:27+00:00,Amazon just won The American Foundation for the Blind‚Äôs Helen Keller award! Huge kudos to the whole team on working so hard to make our products accessible to the vision impaired! @afb1921 ,Twitter Web Client,False,en,0.025347222222222233,416,466,2783,94
False,2018-10-15 23:47:49+00:00,Very sad to hear of Paul Allen‚Äôs passing. His passion for invention and pushing forward inspired so many. He was relentless to the end. My heart goes out to Paul‚Äôs family and friends.,Twitter Web Client,False,en,-0.07500000000000001,1518,376,10597,76
False,2018-10-10 21:30:44+00:00,"Thank you to the @usairforce for your confidence in the @BlueOrigin team and our #NewGlenn rocket. We are proud to serve the national security space community and are committed to providing safe, reliable access to space for the nation. #GradatimFerociter ",Twitter Web Client,False,en,0.65,678,458,4340,95
False,2018-10-02 15:51:32+00:00,"Thank you @SenSanders. We‚Äôre excited about this, and also hope others will join in. ",Twitter Web Client,False,en,0.375,3323,1466,18563,819
False,2018-09-27 21:24:13+00:00,Big win for @BlueOrigin today! And a big thank you to @ulalaunch for choosing our BE-4 engine. Excited to be a part of Vulcan‚Äôs mission to space. #21stCenturyEngine #AllAmericanEngine #GradatimFerociter ,Twitter Web Client,False,en,0.34375,464,296,2749,50
False,2018-09-18 17:49:51+00:00,"Incredible work from the whole @MaiselTV team for 8 #Emmys wins, including Outstanding Comedy Series. Woohoo! ",Twitter Web Client,False,en,0.5062500000000001,240,325,2308,42
False,2018-09-13 15:00:06+00:00,,Twitter Web Client,False,zxx,0.0,6154,2369,24291,2209
False,2018-07-19 00:35:27+00:00,Super proud of the entire Blue Team who came together and made it happen #nevergetsold #gradatimferociter ,Twitter Web Client,False,en,0.2833333333333333,382,1065,2610,46
False,2018-07-19 00:14:08+00:00,"Appreciate the support, Mr. Vice President. I‚Äôm thrilled to report from West Texas that the team nailed it today #launchlandrepeat ",Twitter Web Client,False,en,0.6,233,351,2041,46
False,2018-07-18 17:52:38+00:00,Crew Capsule looks great even after it was pushed hard by the escape test. Astronauts would have had an exhilarating ride and safe landing. Great engineering and the lucky boots worked again @BlueOrigin #GradatimFerociter ,Twitter Web Client,False,en,0.47361111111111115,508,437,3979,62
False,2018-07-01 17:02:13+00:00,Wishing @SpecialOlympics tennis competitor (and Amazonian!) Leonard Flowers luck in the @2018USAGames this week! Great event and we‚Äôre proud to be a presenting sponsor. #ChooseToInclude ,Twitter Web Client,False,en,0.8,353,563,3547,50
False,2018-06-17 14:00:25+00:00,"My dad came here from Cuba all by himself without speaking English when he was 16 years old, and has been kicking ass ever since. Thank you for all the love and heart, Dad! ",Twitter Web Client,False,en,0.24166666666666667,2782,973,24769,351
False,2018-06-14 01:49:10+00:00,,Twitter Web Client,False,zxx,0.0,1298,1927,10652,590
False,2018-05-28 19:45:00+00:00,I‚Äôm enjoying this day with my kids but also remembering. Remembering the many sons and daughters who have given up their lives for us and for our sons and daughters. #MemorialDay #HireVets #HireMilitarySpouses ,Twitter Web Client,False,en,0.5,561,433,5290,65
False,2018-05-16 04:33:22+00:00,Tom Wolfe was an amazing journalist and author. Thank you for showing us all what it took to have ‚ÄúThe Right Stuff‚Äù. ,Twitter Web Client,False,en,0.4428571428571429,341,308,2824,45
False,2018-05-13 15:02:39+00:00,"You shaped us, you protected us, you let us fall, you picked us up, and you LOVED us, always and unconditionally. Thank you for everything. I love you, Mom. ",Twitter Web Client,False,en,0.6,511,409,7843,99
False,2018-05-05 14:00:26+00:00,"Love this quote. It‚Äôs been on my fridge for years, and I see it every time I open the door. #Emerson ",Twitter Web Client,False,en,0.25,13462,1390,39894,1244
False,2018-05-02 22:00:48+00:00,üòÄ @ConanOBrien @BlueOrigin ,Twitter Web Client,False,und,0.0,1129,478,6925,168
False,2018-04-30 00:51:08+00:00,Highlights from today‚Äôs mission. Don‚Äôt miss the Nerf ball doing a few backflips in zero gravity. #GradatimFerociter @BlueOrigin ,Twitter Web Client,False,en,-0.2,1862,393,7079,284
False,2018-04-29 20:41:55+00:00,The lucky boots worked again. Huge kudos and thanks to the entire @BlueOrigin team. #GradatimFerociter ,Twitter Web Client,False,en,0.23333333333333334,432,241,3712,86
False,2018-04-29 18:46:03+00:00,"Apogee of 351,000 feet (66 miles, 107 kilometers), and that‚Äôs the altitude we‚Äôve been targeting for operations. One step closer. #GradatimFerociter @BlueOrigin",Twitter Web Client,False,en,0.0,412,194,3072,49
False,2018-04-27 12:58:04+00:00,"Launch preparations are underway for New Shepard‚Äôs 8th test flight, as we continue our progress toward human spaceflight. Currently targeting Sunday 4/29 with launch window opening up at 830am CDT. Livestream info to come. @BlueOrigin #GradatimFerociter ",Twitter Web Client,False,en,0.04545454545454545,1113,311,5391,151
False,2018-04-22 20:34:09+00:00,"Dog sledding above the Arctic Circle in Norway. Jim Lovell says it‚Äôs not that you go to heaven when you die, but ‚Äúyou go to heaven when you‚Äôre born.‚Äù Earth is the best planet in our solar system. We go to space to save the Earth. @BlueOrigin #NoPlanB #GradatimFerociter #EarthDay ",Twitter Web Client,False,en,0.5,1209,580,8263,212
False,2018-04-21 00:54:29+00:00,Honored to speak at @TheBushCenter Forum on Leadership tonight with Ken Hersh. The spirit of former First Lady Barbara Bush was very much felt at the event. ,Twitter Web Client,False,en,0.17,289,197,2427,30
False,2018-04-18 10:10:23+00:00,"At @BestBuy catching up with CEO Hubert Joly and announcing our collaboration on the next generation of smart TVs. Couldn‚Äôt ask for a better partner, and the product is killer. Full Alexa integration: ‚ÄúAlexa, watch ABC‚Äù or ‚ÄúAlexa, watch Westworld.‚Äù #FireTVEdition ",Twitter Web Client,False,en,0.33285714285714285,884,350,4593,267
False,2018-04-16 23:00:17+00:00,"Great reporting requires patience, grit and a willingness to follow a story wherever it leads, whether Alabama or Moscow. Proud of @washingtonpost #Pulitzer winners! And big congrats to the @nytimes, as well! #DemocracyDiesInDarkness ",Twitter Web Client,False,en,0.6,3615,546,14968,315
False,2018-04-16 00:53:29+00:00,I love Dwayne Johnson @TheRock. Still working on my smolder  ,Twitter Web Client,False,en,0.5,381,293,4369,191
False,2018-04-15 23:42:57+00:00,Very comfortable on my kids‚Äô giant panda doing email and putting final touches on this year‚Äôs annual shareholder letter. About to take the kids to see Rampage... ,Twitter Web Client,False,en,0.17333333333333334,527,605,8051,293
False,2018-04-14 23:36:20+00:00,I made pancakes on this rainy Seattle morning for @ciara and @DangeRussWilson. These guys are as fun as they are talented. Inspiring too. And Russ and I ate our weight in pancakes! #funfriends ,Twitter Web Client,False,en,0.5416666666666666,544,369,5656,154
False,2018-04-03 23:24:58+00:00,Horrible and truly tragic day for YouTube and Google. We are wishing all our very best for the injured and all those affected.,Twitter Web Client,False,en,-0.25,1978,460,15671,110
False,2018-03-19 21:31:06+00:00,Taking my new dog for a walk at the #MARS2018 conference. #BostonDynamics ,Twitter Web Client,False,en,0.13636363636363635,6698,1985,27368,2263
False,2018-03-15 17:59:44+00:00,Thank you to the @NatReconOfc for having me over to speak. You don‚Äôt want to even imagine the world without these professionals doing the job they do. ,Twitter Web Client,False,en,0.0,162,177,1073,16
False,2018-03-13 23:07:08+00:00,"New test video of Blue‚Äôs 550K lbf thrust, ox-rich staged combustion, LNG-fueled BE-4 engine. The test is a mixture ratio sweep at 65% power level and 114 seconds in duration. Methane (or LNG) has proved to be an outstanding fuel choice. @BlueOrigin #GradatimFerociter ",Twitter Web Client,False,en,0.21212121212121213,1009,334,4681,135
False,2018-03-10 19:54:50+00:00,Kirk or Picard? Picard! #FinalFrontier #GoBoldly ,Twitter Web Client,False,en,0.0,864,640,8519,172
False,2018-02-21 14:05:27+00:00,Happy to announce that Amazon Studios is adapting Iain M. Banks‚Äô amazing Culture series ‚Äî a huge personal favorite ‚Äî as a TV series. Can‚Äôt wait!  ,Twitter Web Client,False,en,0.48500000000000004,1353,1147,5017,992
False,2018-02-20 14:31:15+00:00,"Installation has begun‚Äî500 ft tall, all mechanical, powered by day/night thermal cycles, synchronized at solar noon, a symbol for long-term thinking‚Äîthe #10000YearClock is coming together thx to the genius of Danny Hillis, Zander Rose &amp; the whole Clock team! Enjoy the video. ",Twitter Web Client,False,en,0.4166666666666667,3543,781,10434,780
False,2018-02-05 14:30:47+00:00,"Best of luck @SpaceX with the Falcon Heavy launch tomorrow ‚Äì hoping for a beautiful, nominal flight! @BlueOrigin #GradatimFerociter",Twitter Web Client,False,en,0.6,2426,491,23729,209
False,2018-02-03 14:30:19+00:00,The stunning Perito Moreno Glacier in Patagonia. We‚Äôve sent robotic probes to every planet in this solar system. Earth is BY FAR the best one. We go to space to save the Earth. @BlueOrigin #NoPlanB #GradatimFerociter ,Twitter Web Client,False,en,0.375,2885,756,14378,281
False,2018-01-08 00:04:33+00:00,"Wishing best of luck tonight to THE MARVELOUS MRS MAISEL, Rachel Brosnahan, Kevin Bacon, and to the whole cast and crew of THE POST too! #GoldenGlobes ",Twitter Web Client,False,en,0.75,295,621,2747,44
False,2017-12-27 20:03:11+00:00,Turns out our Amazon fulfillment center associates in Madrid can dance‚Ä¶ And one got a big surprise at the end! Love it! ,Twitter Web Client,False,en,0.17500000000000002,736,422,3567,172
False,2017-12-15 00:36:48+00:00,First use of our landing pad bot #Blue2D2. @blueorigin ,Twitter for iPhone,False,en,0.25,615,307,2816,68
False,2017-12-15 00:31:02+00:00,"Full video of Mannequin Skywalker‚Äôs ride to space. Unlike him, you‚Äôll be able to get out of your seat during the zero gee part of the flight. And ignore the pinging sound ‚Äì it‚Äôs just from one of the experiments on this flight. #NewShepard @blueorigin  ",Twitter Web Client,False,en,0.4166666666666667,708,253,2353,182
False,2017-12-13 03:58:22+00:00,#NewShepard had a successful first flight of Crew Capsule 2.0 today. Complete with windows and our instrumented test dummy. He had a great ride. @BlueOrigin ,Twitter for iPhone,False,en,0.47500000000000003,1801,399,5838,313
False,2017-11-30 22:25:58+00:00,"Of all the news coming out of AWS #reInvent this week, I hope you didn‚Äôt miss this one. Set a Guinness World Record for largest chicken wing eating competition! Nice! ",Twitter Web Client,False,en,0.0,585,327,2413,76
False,2017-11-19 15:31:12+00:00,"Ten years ago today, we launched the first-ever Kindle. Happy 10th birthday @AmazonKindle and thank you to all the Kindle readers and authors! ",Twitter Web Client,False,en,0.5,1914,508,9160,272
False,2017-11-13 18:06:30+00:00,Amazon Prime heads to Middle Earth.  ,Twitter Web Client,False,en,0.0,3215,614,8249,1507
False,2017-11-11 00:10:34+00:00,"Thank you and your boys for your service, Casey! ",Twitter Web Client,False,en,0.0,114,123,1022,13
False,2017-11-09 14:00:07+00:00,"Thank you to the 17,500 veterans and military spouses now working at Amazon. We set a goal last year to hire 25,000 of these leaders by 2021, and are on track to hire even more. #VeteransDay ",Twitter Web Client,False,en,0.13333333333333333,954,329,5345,120
False,2017-11-03 18:01:50+00:00,Congrats to the @BestBuy team on their new Alexa skill. Customers can now find and shop Best Buy deals on Alexa. Nice! ,Twitter Web Client,False,en,0.6287878787878788,387,206,1784,105
False,2017-10-20 18:15:06+00:00,And the winner for best news website is ‚Ä¶ @WashingtonPost. And more. Big congrats to the whole team! #DMNA17 ,Twitter Web Client,False,en,0.4375,500,293,2826,54
False,2017-10-19 20:42:31+00:00,First hotfire of our BE-4 engine is a success. Huge kudos to the whole @BlueOrigin team for this important step! #GradatimFerociter ,Twitter Web Client,False,en,0.33,710,179,2893,77
False,2017-10-19 13:06:21+00:00,Fun day christening Amazon‚Äôs latest wind farm. #RenewableEnergy ,Twitter Web Client,False,en,0.4,4411,773,16519,1283
False,2017-10-05 16:22:25+00:00,"Long my favorite novel. Teaches pain of regret so well you will think you lived it. Congrats, Mr. Ishiguro, so earned! #NobelPrize ",Twitter Web Client,False,en,0.2875,616,321,3203,81
False,2017-10-03 02:49:27+00:00,Amazon plane packed with donation of critical supplies landed earlier today in San Juan. Thank you to all the Amazonians who made it happen. ,Twitter Web Client,False,en,0.0,3414,566,15651,343
False,2017-10-02 20:35:28+00:00,Thoughts with all those affected in Las Vegas. So much gratitude to all the police &amp; good Samaritans who put their lives on the line to help,Twitter Web Client,False,en,0.44999999999999996,384,146,2756,15
False,2017-09-22 19:01:17+00:00,"Future engineer, 9-year-old Ryan, signs Amazon gold robot he helped build at another ""30 Days, 30 Smiles"" event #BeatPediatricCancer #GoGold ",Twitter Web Client,False,en,0.0,543,164,3014,34
False,2017-09-14 00:25:56+00:00,".@Amazon supporting ‚Äú30 Days, 30 Smiles‚Äù with @Accorg. Today, a surprise visit to @BlueOrigin. #BeatPediatricCancer ",Twitter Web Client,False,en,0.25,436,245,2358,34
False,2017-08-30 14:19:25+00:00,Alexa has made a new friend ,Twitter Web Client,False,en,0.13636363636363635,1801,343,4028,247
False,2017-08-27 17:52:50+00:00,,Twitter Web Client,False,zxx,0.0,241,8584,1990,58
False,2017-08-10 18:31:22+00:00,A pleasure to host #SecDef James Mattis at Amazon HQ in Seattle today ,Twitter Web Client,False,en,0.0,1097,729,5069,573
False,2017-08-09 16:42:36+00:00,Couldn‚Äôt happen to a nicer guy. Congratulations @jeffreytambor! ,Twitter Web Client,False,en,0.0,225,163,2125,35
False,2017-08-05 00:24:02+00:00,Awesome! Good luck this weekend @JimmyShane1! ,Twitter Web Client,False,en,0.9375,81,131,637,10
False,2017-08-02 15:49:02+00:00,Incredible turnout to see the first booster ever to fly into space and land vertically upon the Earth. #BlueOrigin #Oshkosh ,Twitter Web Client,False,en,0.65,745,224,3416,74
False,2017-07-17 02:48:38+00:00,Mike Collins cracking us all up last night. ,Twitter Web Client,False,en,0.0,152,267,1279,31
False,2017-07-17 02:47:22+00:00,"Huge thanks from the whole @BlueOrigin team, Buzz ",Twitter Web Client,False,en,0.26666666666666666,259,115,1749,26
False,2017-07-10 18:13:23+00:00,Going to Oshkosh? Come sit inside @BlueOrigin‚Äôs crew capsule and enjoy a simulated ride to space @EAA #OSH17  ,Twitter Web Client,False,en,0.4,500,190,2039,74
False,2017-07-06 02:22:41+00:00,This is a gigantic compliment to our teams. Best of luck Haggler in your continuing adventures. #CustomerObsession ,Twitter Web Client,False,en,1.0,231,144,1061,25
False,2017-06-25 18:39:56+00:00,"Terrific meeting with @narendramodi. Always impressed, energized by optimism and invention in India. Excited to keep investing and growing. ",Twitter Web Client,False,en,0.4583333333333333,3282,326,7847,156
False,2017-06-19 14:20:47+00:00,Amazing to share this moment with the @BlueOrigin team and my family. ,Twitter Web Client,False,en,0.6000000000000001,163,244,1130,16
False,2017-06-18 22:32:55+00:00,"And here‚Äôs me and my dad. I‚Äôm a very lucky son. I love you, Dad. #FathersDay ",Twitter Web Client,False,en,0.4666666666666667,156,218,2932,28
False,2017-06-18 22:29:10+00:00,"Flipping pancakes, Lego Saturn V, Wonder Woman matinee. Love being a dad. #FathersDay ",Twitter Web Client,False,en,0.5,199,128,2643,34
False,2017-06-15 18:22:53+00:00,Request for ideas‚Ä¶ ,Twitter Web Client,False,en,0.0,9029,43568,20677,4010
False,2017-06-14 15:29:24+00:00,Rooftop #solar panels at our 1 million-square-foot fulfillment center in Baltimore now live. 50+ solar FCs will come online by 2020. ,Twitter Web Client,False,en,0.018181818181818174,701,261,2885,106
False,2017-06-12 18:46:04+00:00,"Congrats to Jeff on his long-term leadership. John, you have size 20 shoes to fill! GE remains an American gem. ",Twitter Web Client,False,en,0.0,205,83,930,17
False,2017-05-20 18:56:29+00:00,Super fun morning talking rockets with a very cool group of students. Great questions. Thx to all the students and to @museumofflight! ,Twitter Web Client,False,en,0.5220833333333333,159,130,1007,10
False,2017-05-14 21:25:08+00:00,"I won the lottery with my mom. Thanks for literally everything, Mom. ",Twitter Web Client,False,en,0.2,414,285,4802,55
False,2017-05-05 00:06:10+00:00,"First plant in the ground at #TheSpheres, 39,999 to go. Public tours start 2018. ",Twitter Web Client,False,en,0.125,557,116,2084,51
False,2017-04-01 23:31:09+00:00,Thanks @TheRealBuzz! That cute little guy is the future! ,Twitter Web App,False,en,0.140625,112,128,834,10
False,2017-03-30 18:59:52+00:00,My parents rock. ,Twitter Web Client,False,en,0.0,352,200,2120,49
False,2017-03-29 22:41:58+00:00,Impossible to express how personally meaningful this is. A dream. Huge kudos to @BlueOrigin team that worked so hard  ,Twitter Web Client,False,en,-0.01458333333333331,316,100,1325,34
False,2017-03-20 05:16:46+00:00,I just got to pilot an awesome (and huge) robot thanks to Hankook Mirae Technology. Nice! #MARS2017 ,Twitter Web Client,False,en,0.5875,2134,442,5379,1307
False,2017-03-13 17:37:23+00:00,"Thanks LA Times for choosing WaPo's Arc Publishing for your digital platform, and kudos to tech team at The Post! ",Twitter Web Client,False,en,0.1,132,71,512,42
False,2017-03-10 15:32:55+00:00,OK. Definitely want to buy a bottle of this‚Ä¶ ,Twitter Web Client,False,en,0.25,226,85,1212,26
False,2017-03-08 13:30:34+00:00,Adding to the #NewGlenn launch manifest. Agreement with #OneWeb for five launches initially. Happy to work with you @Greg_Wyler ,Twitter Web Client,False,en,0.8,238,75,920,33
False,2017-03-07 13:56:59+00:00,Excited to announce we have signed our 1st #NewGlenn customer. Welcome to the launch manifest @Eutelsat_SA ,Twitter Web Client,False,en,0.5875,295,84,1101,37
False,2017-03-06 13:51:53+00:00,Here‚Äôs one more shot of BE-4 in its transport cradle. ,Twitter Web Client,False,en,0.5,582,105,1905,77
False,2017-03-06 13:48:34+00:00,1st BE-4 engine fully assembled. 2nd and 3rd following close behind. #GradatimFerociter ,Twitter Web Client,False,en,-0.1,545,88,1599,85
False,2017-02-27 04:54:52+00:00,Congrats to Casey Affleck on his Best Actor win. So earned. #ManchesterByTheSea #Oscars @AmazonStudios @MBTSMovie,Twitter Web Client,False,en,0.9,236,83,1096,22
False,2017-02-27 04:34:38+00:00,Bravo to Kenny Lonergan on his well-deserved #Oscars win for Best Original Screenplay @AmazonStudios @MBTSMovie,Twitter Web Client,False,en,0.725,137,38,674,10
False,2017-02-27 03:04:11+00:00,#TheSalesman takes home the Oscar for Best Foreign Language Film. Well done Asghar Farhadi and team @AmazonStudios #Oscars,Twitter Web Client,False,en,0.4375,571,76,1971,37
False,2017-02-19 00:39:58+00:00,Excited to share our urban campus with this terrific organization @FareStart ,Twitter Web Client,False,en,0.125,194,79,822,14
False,2017-02-14 19:29:00+00:00,"Love this story  of not 1, but 4 couples, who met @ Amazon FC in KY. Love is in the air‚Ä¶ Happy Valentine's day! ",Twitter Web Client,False,en,0.6666666666666666,101,62,715,17
False,2017-02-07 22:45:25+00:00,"And on the NYPost article, if anybody knows how to get 20% margins in groceries, call me! :)",Twitter Web Client,False,en,0.5,413,222,1762,94
False,2017-02-07 19:50:34+00:00,".@nypost, whoever your anonymous sources are on this story  ‚Äì they‚Äôve mixed up their meds!",Twitter Web Client,False,en,0.0,416,105,1027,89
False,2017-02-02 17:55:56+00:00,Buzz Aldrin dropped by Blue Origin HQ to say hi to the team yesterday. Thanks @TheRealBuzz! ,Twitter Web Client,False,en,0.125,389,102,1825,36
False,2017-01-05 19:21:47+00:00,I agree we need a superhighway in space. ,Twitter Web Client,False,en,0.0,390,194,1023,68
False,2016-12-14 13:58:33+00:00,First-ever #AmazonPrimeAir customer delivery is in the books. 13 min‚Äîclick to delivery. Check out the video:  ,Twitter Web Client,False,en,0.0,5777,380,7030,1323
False,2016-12-09 23:32:13+00:00,The Spheres‚Äô first snow‚Ä¶ thanks @mAColors for the great pic ,Twitter Web Client,False,en,0.4166666666666667,386,64,1322,53
False,2016-12-08 21:38:03+00:00,"Thank you, John Glenn. Godspeed.",Twitter Web Client,False,en,0.0,363,53,1551,16
False,2016-12-08 06:01:42+00:00,Late Late Show‚Äôs @JKCorden on Amazon Go ‚Äì very funny! ,Twitter Web Client,False,en,-0.06458333333333333,177,40,663,21
False,2016-12-01 20:55:10+00:00,So proud of my brother  and here‚Äôs his TED talk ,Twitter Web Client,False,en,0.8,161,50,696,14
False,2016-11-17 19:30:24+00:00,Love this TV commercial for Amazon Prime. Very proud of our ad team. ,Twitter Web Client,False,en,0.5,1657,395,2883,523
False,2016-11-17 16:57:12+00:00,"Long wait is over‚Ä¶ Clarkson, Hammond, May are back‚Ä¶ #TheGrandTour premieres tonight in UK, US, DE, JP. And globally in Dec. ",Twitter Web Client,False,en,-0.025,2808,319,7284,335
False,2016-11-10 15:01:29+00:00,Congratulations to @realDonaldTrump. I for one give him my most open mind and wish him great success in his service to the country.,Twitter Web Client,False,en,0.4,1580,1182,4468,1280
False,2016-10-30 15:32:28+00:00,,Twitter Web Client,False,zxx,0.0,145,64,651,13
False,2016-10-21 23:45:06+00:00,Visiting Raisbeck Aviation High School today was so inspiring for me. Awesome students. ,Twitter Web Client,False,en,0.5533333333333333,78,72,431,5
False,2016-10-10 20:09:28+00:00,Stenciling the 7th and final tortoise onto this hardy and stalwart New Shepard capsule. #GradatimFerociter ,Twitter Web Client,False,en,0.06818181818181818,195,73,861,26
False,2016-10-06 17:11:10+00:00,"Steering through violent MaxQ escape forces is a residual capability, not explicitly engineered. Just a very robust booster. #InFlightEscape",Twitter Web Client,False,en,-0.30000000000000004,92,69,484,3
False,2016-10-06 17:09:35+00:00,Here‚Äôs escape vid in slow mo. #InFlightEscape ,Twitter Web Client,False,en,-0.30000000000000004,188,43,464,13
False,2016-10-06 03:11:26+00:00,"Reflecting on an incredible day. Toasting all 800 of the passionate, brilliant folks at Blue Origin. #InFlightEscape #GradatimFerociter ",Twitter Web Client,False,en,0.4375,220,102,1333,24
False,2016-10-05 18:19:57+00:00,That is one hell of a booster. #InFlightEscape #GradatimFerociter ,Vine - Make a Scene,False,en,0.0,2368,169,4349,278
False,2016-09-29 13:54:09+00:00,And here are the details of the escape test  #GradatimFerociter,Twitter Web Client,False,en,0.0,115,42,336,16
False,2016-09-26 10:10:29+00:00,And here‚Äôs the #NewGlenn descent configuration. #GradatimFerociter ,Twitter Web Client,False,en,0.0,312,43,801,20
False,2016-09-26 10:09:03+00:00,Exciting results from 3 weeks of wind tunnel testing of #NewGlenn at transonic &amp; supersonic speeds. Validated our CFD. ,Twitter Web Client,False,en,0.3,350,42,987,30
False,2016-09-15 23:16:18+00:00,.Thanks @TheRealBuzz &amp; @HeinleinPrize ‚Äì what a fun night! ,Twitter Web Client,False,en,0.375,54,28,336,6
False,2016-09-12 13:24:10+00:00,Blue Origin‚Äôs next step‚Ä¶meet New Glenn #NewGlenn #GradatimFerociter ,Twitter Web Client,False,en,0.04545454545454545,1313,137,2340,290
False,2016-07-22 14:14:31+00:00,.@matteorenzi excited to announce Amazon artificial intelligence &amp; machine learning center in Turin ,Twitter Web Client,False,en,-0.10833333333333332,709,159,1209,88
False,2016-07-22 14:05:13+00:00,Grazie @matteorenzi for wonderful conversation at Palazzo Vecchio. ,Twitter Web Client,False,it,1.0,231,59,608,20
False,2016-07-21 15:11:39+00:00,Cool new project from @smithsonian &amp; @autodesk lets you virtually explore Apollo 11 Command Module. ,Twitter Web Client,False,en,0.24318181818181817,188,28,451,17
False,2016-07-20 16:14:42+00:00,"Bucket list. Cast, crew and Justin Lin @trailingjohnson were amazing. #StarTrekBeyond ",Twitter Web Client,False,en,0.6000000000000001,376,66,1107,102
False,2016-07-20 16:00:06+00:00,.@trailingjohnson Amazing experience. Thank you! ,Twitter Web Client,False,en,0.7500000000000001,52,27,252,9
False,2016-06-19 15:35:11+00:00,Careful engineering plus of course ‚Ä¶ the lucky boots. Successful mission. #RocketsReused #GradatimFerociter ,Twitter Web Client,False,en,0.3277777777777778,199,90,867,41
False,2016-06-19 13:24:38+00:00,Loading propellants. Looking good for this morning‚Äôs launch. #GradatimFerociter,Twitter Web Client,False,en,0.7,115,48,354,14
False,2016-06-19 00:23:58+00:00,Thanks @VirginGalactic! So agree space needs all of us. #GradatimFerociter ,Twitter Web Client,False,en,0.25,146,35,540,11
False,2016-06-17 13:58:37+00:00,And of course ‚Äì development test flight ‚Äì anything can happen. #GradatimFerociter,Twitter Web Client,False,en,0.0,47,28,208,6
False,2016-06-17 13:55:47+00:00,Look for one-chute-out test starting about 7 minutes into flight + continue pushing envelope on booster. #GradatimFerociter,Twitter Web Client,False,en,0.0,75,20,234,3
False,2016-06-17 13:52:42+00:00,Watching a rocket launch (and rocket landing!) might add a little extra fun w/ kids on Father's Day. #GradatimFerociter,Twitter Web Client,False,en,0.0375,82,22,298,17
False,2016-06-17 13:49:25+00:00,New Shepard launch set for Sunday at 10:15 am ET. Live webcast starts at 9:45 am ET at  #GradatimFerociter,Twitter Web Client,False,en,0.13636363636363635,306,34,428,47
False,2016-06-16 13:50:50+00:00,Replacing leaking O-ring in capsule‚Äôs nitrogen gas pressurization system. Rescheduling flight to Sunday. #GradatimFerociter,Twitter Web Client,False,en,0.0,123,40,330,14
False,2016-06-13 13:36:03+00:00,Flight to test one-chute-out failure scenario &amp; push envelope on booster maneuvers #GradatimFerociter ,Twitter Web Client,False,en,-0.3166666666666667,141,35,477,3
False,2016-06-13 13:29:40+00:00,Trying for 4th flight of same hardware this Friday. Live webcast at  #GradatimFerociter ,Twitter Web Client,False,en,0.06818181818181818,364,50,772,7
False,2016-05-09 21:58:57+00:00,Landing sequence caught by our GH2 vent cam. Watch for gear deployment in the shadow. #GradatimFerociter ,Twitter Web Client,False,en,0.0,254,119,560,7
False,2016-05-05 20:00:42+00:00,Thank you @FLOTUS for all you do with @JoiningForces. We're excited to add 25K more @Amazon Warriors to our ranks. ,Twitter Web Client,False,en,0.4375,116,87,362,2
False,2016-04-29 22:08:30+00:00,Ridiculously cute. #Alexa ,Twitter Web Client,False,en,0.5,64,48,326,3
False,2016-04-19 02:19:37+00:00,Champagne cracked in the newsroom today. Congratulations to all @washingtonpost on Pulitzers!,Twitter Web Client,False,en,0.0,97,60,413,2
False,2016-04-18 22:44:53+00:00,You counseled so many. Your wisdom and warmth will be remembered. Rest in peace Bill Campbell.,Twitter Web Client,False,en,0.5,117,24,433,2
False,2016-04-07 23:12:06+00:00,Thank you and congrats to my friends and colleagues Jeff and Andy ‚Äì very well deserved! ,Twitter Web Client,False,en,0.25,185,51,499,3
False,2016-04-04 16:59:10+00:00,"Heads up readers ‚Äì all-new, top of the line Kindle almost ready. 8th generation. Details next week.",Twitter Web Client,False,en,0.2333333333333333,1057,230,1517,3
False,2016-04-03 21:57:17+00:00,Video from yesterday's flight now live:  Great view of dramatic booster deceleration.,Twitter Web Client,False,en,0.16767676767676773,662,88,947,2
False,2016-04-02 15:47:35+00:00,We‚Äôll share mission video including aerial as soon as we‚Äôre able to get it processed.#GradatimFerociter @BlueOrigin,Twitter Web Client,False,en,0.5,119,42,374,2
False,2016-04-02 15:36:43+00:00,My Gradatim Ferociter boots. Gift from a friend &amp; they brought luck today. #LaunchLandRepeat @BlueOrigin ,Twitter Web Client,False,en,0.0,65,46,370,8
False,2016-04-02 15:28:26+00:00,CC touchdown confirmed. #LaunchLandRepeat @BlueOrigin,Twitter Web Client,False,en,0.4,211,49,503,2
False,2016-04-02 15:26:47+00:00,"Flawless BE-3 restart and perfect booster landing. CC chutes
deployed. @BlueOrigin",Twitter Web Client,False,en,1.0,283,41,557,2
False,2016-04-02 15:18:39+00:00,Liftoff and New Shepard is climbing to apogee. @BlueOrigin,Twitter Web Client,False,en,0.13636363636363635,104,36,280,2
False,2016-04-02 14:36:31+00:00,Crew Capsule is locked &amp; ready for flt. Tortoises mark successful CC missions. #LaunchLandRepeat @BlueOrigin ,Twitter Web Client,False,en,0.475,136,35,384,7
False,2016-04-02 14:28:50+00:00,"Readying¬†Crew Capsule for flt. Clear skies in TX.
Tracking for morning launch. #LaunchLandRepeat @BlueOrigin ",Twitter Web Client,False,en,0.10000000000000002,127,43,375,2
False,2016-04-01 22:28:37+00:00,Two university microgravity experiments on tomorrow‚Äôs @blueorigin flight. Short vids:   ,Twitter Web Client,False,en,0.0,94,19,238,2
False,2016-04-01 19:35:53+00:00,We‚Äôll have drone cameras in the air and hopefully will get good aerial footage to share. #LaunchLandRepeat @BlueOrigin,Twitter Web Client,False,en,0.7,93,29,281,2
False,2016-04-01 19:34:13+00:00,"Also, a new more efficient RCS algorithm on the Crew Capsule. Big performance win if it works. #LaunchLandRepeat @BlueOrigin",Twitter Web Client,False,en,0.3590909090909091,54,32,202,5
False,2016-04-01 19:32:40+00:00,"Pushing the envelope. Restarting BE-3 fast @ high thrust, just 3600 ft from ground. Impact in 6 sec if engine doesn‚Äôt restart &amp; ramp fast.",Twitter Web Client,False,en,0.115,72,22,238,2
False,2016-04-01 19:31:08+00:00,Working to fly again tomorrow. Same vehicle. Third time. #LaunchLandRepeat @BlueOrigin ,Twitter Web Client,False,en,0.26666666666666666,312,58,670,9
False,2016-04-01 00:21:12+00:00,Got a little help from Amazon Robotics on stage today at our All-Hands in Seattle   ,Twitter Web Client,False,en,-0.1875,314,45,762,5
False,2016-03-29 21:54:33+00:00,"OK, this is the most hilarious Echo video yet: ",Twitter Web Client,False,en,0.5,153,38,413,3
False,2016-03-15 02:37:02+00:00,James Hamilton‚Äôs retrospective on 10 years of AWS is excellent:  Kudos and congrats to the whole team!,Twitter Web Client,False,en,0.625,235,28,488,4
False,2016-02-24 20:56:56+00:00,"Marty's piece today is so inspiring. Thank you, @PostBaron! #BadAssReporting ",Twitter Web Client,False,en,0.625,52,38,214,4
False,2016-02-11 18:33:21+00:00,"Hope, somewhere in space-time, Einstein is seeing this.  #LIGO",Twitter Web Client,False,en,0.0,339,63,685,3
False,2016-02-10 21:00:09+00:00,"Mr. Prime Minister @matteorenzi, we are so proud of Diego. Great for Italy. Kudos to all! ",Twitter Web Client,False,en,0.9,694,50,779,3
False,2016-02-03 20:42:38+00:00,"Nice. Blue Origin team just nominated for time-honored aviation award, the Collier Trophy! All the nominees here: ",Twitter Web Client,False,en,0.3,91,46,321,2
False,2016-01-23 03:03:17+00:00,Can a used rocket fly? Video + a few technical details at   ,Twitter Web Client,False,en,0.20000000000000004,720,150,1030,8
False,2016-01-17 20:08:41+00:00,Impressive launch and @SpaceX will soon make Falcon 9 landings routine ‚Äì so good for space! Kudos SpaceX!,Twitter Web Client,False,en,1.0,530,71,1783,1
False,2016-01-17 14:39:33+00:00,"Believe me, if you‚Äôre ever tossed in a foreign prison, you want Fred Ryan and Marty Baron on the team working to get you out. #JasonIsFree",Twitter Web Client,False,en,-0.125,290,60,702,5
False,2016-01-17 14:39:02+00:00,"Wheels up and out of Iranian airspace! Jason, Yegi, and Mary aboard. Doug Jehl and Ali Rezaian worked tirelessly on this. #JasonIsFree",Twitter Web Client,False,en,0.0,286,36,642,3
False,2016-01-16 17:48:20+00:00,Is Yegi on the plane? #JasonIsFree,Twitter Web Client,False,et,0.0,50,40,217,4
False,2016-01-12 19:22:10+00:00,"Grail: Risky, but if works, big breakthrough in broad spectrum EARLY cancer detection. Brilliant scientists. ",Twitter Web Client,False,en,0.265625,157,44,354,4
False,2015-12-22 01:49:58+00:00,Congrats @SpaceX on landing Falcon's suborbital booster stage.  Welcome to the club!,Twitter Web Client,False,en,1.0,1300,983,2543,83
False,2015-12-07 23:30:53+00:00,Finally trashed by @realDonaldTrump. Will still reserve him a seat on the Blue Origin rocket. #sendDonaldtospace ,Twitter Web Client,False,en,0.0,7321,994,9350,135
False,2015-12-03 16:31:29+00:00,What 400 very happy rocket scientists look like. ,Twitter Web Client,False,en,1.0,486,75,881,7
False,2015-11-30 22:52:26+00:00,"Breakthrough Energy Coalition. When in a box, only way out is to invent your way out. Thx to @BillGates for pulling this together.",Twitter Web Client,False,en,0.0,234,67,595,5
False,2015-11-24 11:14:26+00:00,"The rarest of beasts - a used rocket. Controlled landing not easy, but done right, can look easy. Check out video: ",Twitter Web Client,False,en,0.16746031746031745,5740,564,5583,25
