is Elon Musk,context annotations domain 0,context annotations entity 0,context annotations domain 1,context annotations entity 1,context annotations domain 2,context annotations entity 2,context annotations domain 3,context annotations entity 3,context annotations domain 4,context annotations entity 4,context annotations domain 5,context annotations entity 5,annotations
1,Person,Elon Musk,Interests and Hobbies Vertical,Business & finance,Interests and Hobbies Category,Leadership,Entities [Entity Service],Technology,Unified Twitter Taxonomy,Elon Musk,Unified Twitter Taxonomy,Tech personalities,"[0.4814, 'Democrat', 'Organization']"
1,Person,Elon Musk,Entities [Entity Service],Auto Manufacturer - Auto,Brand,Tesla Motors,Interests and Hobbies Vertical,Business & finance,Interests and Hobbies Vertical,Automotive,Interests and Hobbies Category,Hybrid and electric vehicles,"[0.9766, 'Tesla', 'Organization']"
1,Person,Elon Musk,Interests and Hobbies Vertical,Business & finance,Interests and Hobbies Category,Leadership,Entities [Entity Service],Technology,Unified Twitter Taxonomy,Elon Musk,Unified Twitter Taxonomy,Tech personalities,
1,Person,Elon Musk,Brand Vertical,B2B,Entities [Entity Service],Services - B2B,Brand,S&P Global,Interests and Hobbies Vertical,Business & finance,Interests and Hobbies Category,Leadership,
1,Interests and Hobbies,Stocks & indices,Unified Twitter Taxonomy,Stocks & indices,Unified Twitter Taxonomy,S&P 500,Person,Elon Musk,Brand Vertical,B2B,Brand Vertical,Energy,"[0.7194, 'Exxon', 'Other']"
1,Person,Elon Musk,Interests and Hobbies Vertical,Business & finance,Interests and Hobbies Category,Leadership,Entities [Entity Service],Technology,Unified Twitter Taxonomy,Elon Musk,Unified Twitter Taxonomy,Tech personalities,
1,Person,Elon Musk,Interests and Hobbies Vertical,Business & finance,Interests and Hobbies Category,Leadership,Entities [Entity Service],Technology,Unified Twitter Taxonomy,Elon Musk,Unified Twitter Taxonomy,Tech personalities,
1,Person,Elon Musk,Entities [Entity Service],Auto Manufacturer - Auto,Brand,Tesla Motors,Interests and Hobbies Vertical,Business & finance,Interests and Hobbies Vertical,Automotive,Interests and Hobbies Category,Hybrid and electric vehicles,"[0.6194, 'Tesla AI', 'Other']"
1,Person,Elon Musk,Entities [Entity Service],Services,Brand,Twitter,Interests and Hobbies Vertical,Business & finance,Interests and Hobbies Category,Leadership,Entities [Entity Service],Technology,"[0.9819, 'Twitter', 'Other']"
1,Person,Elon Musk,Interests and Hobbies Vertical,Business & finance,Entities [Entity Service],Technology,Interests and Hobbies Category,Computer programming,Interests and Hobbies Category,Open source,Interests and Hobbies Category,Leadership,
1,Person,Elon Musk,Interests and Hobbies Vertical,Business & finance,Interests and Hobbies Category,Leadership,Entities [Entity Service],Technology,Unified Twitter Taxonomy,Elon Musk,Unified Twitter Taxonomy,Tech personalities,
1,Person,Elon Musk,Interests and Hobbies Vertical,Business & finance,Interests and Hobbies Category,Leadership,Entities [Entity Service],Technology,Unified Twitter Taxonomy,Elon Musk,Unified Twitter Taxonomy,Tech personalities,
1,Person,Elon Musk,Interests and Hobbies Vertical,Business & finance,Interests and Hobbies Category,Leadership,Entities [Entity Service],Technology,Unified Twitter Taxonomy,Elon Musk,Unified Twitter Taxonomy,Tech personalities,
1,Person,Elon Musk,Interests and Hobbies Vertical,Business & finance,Interests and Hobbies Category,Leadership,Entities [Entity Service],Technology,Unified Twitter Taxonomy,Elon Musk,Unified Twitter Taxonomy,Tech personalities,
1,Person,Elon Musk,Interests and Hobbies Vertical,Business & finance,Interests and Hobbies Category,Leadership,Entities [Entity Service],Technology,Unified Twitter Taxonomy,Elon Musk,Unified Twitter Taxonomy,Tech personalities,
1,Person,Elon Musk,Interests and Hobbies Vertical,Business & finance,Interests and Hobbies Category,Leadership,Entities [Entity Service],Technology,Unified Twitter Taxonomy,Elon Musk,Unified Twitter Taxonomy,Tech personalities,
1,Entities [Entity Service],Food,Interests and Hobbies Category,Cooking,Interests and Hobbies,Recipes,Unified Twitter Taxonomy,Recipes,Person,Elon Musk,Interests and Hobbies Vertical,Business & finance,"[0.8786, 'Golden State', 'Organization']"
1,Person,Elon Musk,Interests and Hobbies Vertical,Business & finance,Interests and Hobbies Category,Leadership,Entities [Entity Service],Technology,Unified Twitter Taxonomy,Elon Musk,Unified Twitter Taxonomy,Tech personalities,"[0.9429, 'California', 'Place']"
1,Person,Elon Musk,Interests and Hobbies Vertical,Business & finance,Interests and Hobbies Category,Leadership,Entities [Entity Service],Technology,Unified Twitter Taxonomy,Elon Musk,Unified Twitter Taxonomy,Tech personalities,
1,Person,Elon Musk,Entities [Entity Service],Services,Brand,Twitter,Interests and Hobbies Vertical,Business & finance,Interests and Hobbies Category,Leadership,Entities [Entity Service],Technology,"[0.9742, 'Twitter', 'Other']"
1,Person,Elon Musk,Interests and Hobbies Vertical,Business & finance,Interests and Hobbies Category,Leadership,Entities [Entity Service],Technology,Unified Twitter Taxonomy,Elon Musk,Unified Twitter Taxonomy,Tech personalities,
1,Person,Elon Musk,Interests and Hobbies Vertical,Business & finance,Interests and Hobbies Category,Leadership,Entities [Entity Service],Technology,Unified Twitter Taxonomy,Elon Musk,Unified Twitter Taxonomy,Tech personalities,
1,Person,Elon Musk,Interests and Hobbies Vertical,Business & finance,Interests and Hobbies Category,Leadership,Entities [Entity Service],Technology,Unified Twitter Taxonomy,Elon Musk,Unified Twitter Taxonomy,Tech personalities,
1,Person,Elon Musk,Entities [Entity Service],Services,Brand,Twitter,Interests and Hobbies Vertical,Business & finance,Interests and Hobbies Category,Leadership,Entities [Entity Service],Technology,
1,Interests and Hobbies,Mergers & Acquisitions,Person,Elon Musk,Interests and Hobbies Vertical,Business & finance,Interests and Hobbies Category,Leadership,Entities [Entity Service],Technology,Unified Twitter Taxonomy,Elon Musk,
1,Person,Elon Musk,Entities [Entity Service],Services,Brand,Twitter,Interests and Hobbies Vertical,Business & finance,Interests and Hobbies Category,Leadership,Entities [Entity Service],Technology,"[0.9714, 'Twitter', 'Other']"
1,Person,Elon Musk,Interests and Hobbies Vertical,Business & finance,Interests and Hobbies Category,Leadership,Entities [Entity Service],Technology,Unified Twitter Taxonomy,Elon Musk,Unified Twitter Taxonomy,Tech personalities,"[0.6736, 'straw war', 'Other']"
1,Person,Elon Musk,Interests and Hobbies Vertical,Business & finance,Interests and Hobbies Category,Leadership,Entities [Entity Service],Technology,Unified Twitter Taxonomy,Elon Musk,Unified Twitter Taxonomy,Tech personalities,
1,Person,Elon Musk,Interests and Hobbies Vertical,Business & finance,Interests and Hobbies Category,Leadership,Entities [Entity Service],Technology,Unified Twitter Taxonomy,Elon Musk,Unified Twitter Taxonomy,Tech personalities,
1,Person,Elon Musk,Interests and Hobbies Vertical,Business & finance,Interests and Hobbies Category,Leadership,Entities [Entity Service],Technology,Unified Twitter Taxonomy,Elon Musk,Unified Twitter Taxonomy,Tech personalities,
1,Video Game,Starlink: Battle for Atlas,Unified Twitter Taxonomy,Gaming,Unified Twitter Taxonomy,Starlink: Battle for Atlas,Unified Twitter Taxonomy,Video games,Person,Elon Musk,Interests and Hobbies Vertical,Business & finance,"[0.8914, 'Starlink', 'Other']"
1,Person,Joe Biden,Person,Elon Musk,Politician,Joe Biden,Interests and Hobbies Vertical,Business & finance,Interests and Hobbies Category,Leadership,Entities [Entity Service],Technology,"[0.9564, 'Biden', 'Person']"
1,Person,Donald Trump,Politician,Donald Trump,Unified Twitter Taxonomy,Donald Trump,Unified Twitter Taxonomy,Politics,Unified Twitter Taxonomy,Political figures,Person,Elon Musk,"[0.9552, 'Trump', 'Person']"
1,Person,Elon Musk,Interests and Hobbies Vertical,Business & finance,Interests and Hobbies Category,Leadership,Entities [Entity Service],Technology,Unified Twitter Taxonomy,Elon Musk,Unified Twitter Taxonomy,Tech personalities,
1,Person,Elon Musk,Interests and Hobbies Vertical,Business & finance,Interests and Hobbies Category,Leadership,Entities [Entity Service],Technology,Unified Twitter Taxonomy,Elon Musk,Unified Twitter Taxonomy,Tech personalities,
1,Person,Elon Musk,Entities [Entity Service],Services,Brand,Twitter,Interests and Hobbies Vertical,Business & finance,Interests and Hobbies Category,Leadership,Entities [Entity Service],Technology,
1,Person,Elon Musk,Interests and Hobbies Vertical,Business & finance,Interests and Hobbies Category,Leadership,Entities [Entity Service],Technology,Unified Twitter Taxonomy,Elon Musk,Unified Twitter Taxonomy,Tech personalities,
1,Video Game,Starlink: Battle for Atlas,Ongoing News Story,Russo-Ukrainian conflict,Unified Twitter Taxonomy,Gaming,Unified Twitter Taxonomy,Starlink: Battle for Atlas,Unified Twitter Taxonomy,Video games,Person,Elon Musk,"[0.8469, 'Starlink', 'Other']"
1,Unified Twitter Taxonomy,Drinks,Unified Twitter Taxonomy,Milk,Food,Milk,Product Taxonomy,Milk,Person,Elon Musk,Interests and Hobbies Vertical,Business & finance,
1,Person,Elon Musk,Interests and Hobbies Vertical,Business & finance,Interests and Hobbies Category,Leadership,Entities [Entity Service],Technology,Unified Twitter Taxonomy,Elon Musk,Unified Twitter Taxonomy,Tech personalities,
1,Person,Elon Musk,Interests and Hobbies Vertical,Business & finance,Interests and Hobbies Category,Leadership,Entities [Entity Service],Technology,Unified Twitter Taxonomy,Elon Musk,Unified Twitter Taxonomy,Tech personalities,
1,Person,Elon Musk,Interests and Hobbies Vertical,Business & finance,Interests and Hobbies Category,Leadership,Entities [Entity Service],Technology,Unified Twitter Taxonomy,Elon Musk,Unified Twitter Taxonomy,Tech personalities,"[0.704, 'Nazi', 'Other']"
1,Ongoing News Story,Russo-Ukrainian conflict,Person,Elon Musk,Interests and Hobbies Vertical,Business & finance,Interests and Hobbies Category,Leadership,Entities [Entity Service],Technology,Unified Twitter Taxonomy,Elon Musk,
1,Person,Elon Musk,Interests and Hobbies Vertical,Business & finance,Interests and Hobbies Category,Leadership,Entities [Entity Service],Technology,Unified Twitter Taxonomy,Elon Musk,Unified Twitter Taxonomy,Tech personalities,
1,Person,Elon Musk,Interests and Hobbies Vertical,Business & finance,Entities [Entity Service],Pets,Entities [Entity Service],Horses,Interests and Hobbies Category,Leadership,Entities [Entity Service],Technology,
1,Entities [Entity Service],Science,Interests and Hobbies Category,Space,Unified Twitter Taxonomy,Space,Unified Twitter Taxonomy,Space missions,Fields of study,Science,Person,Elon Musk,"[0.886, 'Starlink', 'Other']"
1,Entities [Entity Service],Technology,Entities [Entity Service],Information security,Interests and Hobbies,Mergers & Acquisitions,Unified Twitter Taxonomy,Technology,Unified Twitter Taxonomy,Information security,Person,Elon Musk,"[0.9785, 'Twitter', 'Other']"
1,Person,Elon Musk,Interests and Hobbies Vertical,Business & finance,Interests and Hobbies Category,Leadership,Entities [Entity Service],Technology,Unified Twitter Taxonomy,Elon Musk,Unified Twitter Taxonomy,Tech personalities,
1,Person,Elon Musk,Interests and Hobbies Vertical,Business & finance,Interests and Hobbies Category,Leadership,Entities [Entity Service],Technology,Unified Twitter Taxonomy,Elon Musk,Unified Twitter Taxonomy,Tech personalities,
1,Person,Elon Musk,Entities [Entity Service],Services,Brand,Twitter,Interests and Hobbies Vertical,Business & finance,Interests and Hobbies Category,Leadership,Entities [Entity Service],Technology,"[0.9842, 'Twitter', 'Other']"
1,Person,Elon Musk,Interests and Hobbies Vertical,Business & finance,Interests and Hobbies Category,Leadership,Entities [Entity Service],Technology,Unified Twitter Taxonomy,Elon Musk,Unified Twitter Taxonomy,Tech personalities,"[0.6837, 'Freemasons', 'Other']"
1,Person,Elon Musk,Interests and Hobbies Vertical,Business & finance,Interests and Hobbies Category,Leadership,Entities [Entity Service],Technology,Unified Twitter Taxonomy,Elon Musk,Unified Twitter Taxonomy,Tech personalities,"[0.9561, 'Sunlight', 'Other']"
1,Person,Elon Musk,Interests and Hobbies Vertical,Business & finance,Interests and Hobbies Category,Leadership,Entities [Entity Service],Technology,Unified Twitter Taxonomy,Elon Musk,Unified Twitter Taxonomy,Tech personalities,
1,Person,Elon Musk,Interests and Hobbies Vertical,Business & finance,Interests and Hobbies Category,Leadership,Entities [Entity Service],Technology,Unified Twitter Taxonomy,Elon Musk,Unified Twitter Taxonomy,Tech personalities,
1,Person,Elon Musk,Interests and Hobbies Vertical,Business & finance,Interests and Hobbies Category,Leadership,Entities [Entity Service],Technology,Unified Twitter Taxonomy,Elon Musk,Unified Twitter Taxonomy,Tech personalities,
1,Person,Elon Musk,Interests and Hobbies Vertical,Business & finance,Interests and Hobbies Category,Leadership,Entities [Entity Service],Technology,Unified Twitter Taxonomy,Elon Musk,Unified Twitter Taxonomy,Tech personalities,
1,Person,Elon Musk,Interests and Hobbies Vertical,Business & finance,Interests and Hobbies Category,Leadership,Entities [Entity Service],Technology,Unified Twitter Taxonomy,Elon Musk,Unified Twitter Taxonomy,Tech personalities,
1,Person,Elon Musk,Interests and Hobbies Vertical,Business & finance,Interests and Hobbies Category,Leadership,Entities [Entity Service],Technology,Unified Twitter Taxonomy,Elon Musk,Unified Twitter Taxonomy,Tech personalities,
1,Brand Vertical,CPG,Entities [Entity Service],Beverage - CPG,Brand,Coca-Cola,Entities [Entity Service],Food,Interests and Hobbies Vertical,Drinks,Interests and Hobbies Category,Generic Drinks,"[0.7927, 'Coca-Cola', 'Other']"
1,Person,Elon Musk,Interests and Hobbies Vertical,Business & finance,Interests and Hobbies Category,Leadership,Entities [Entity Service],Technology,Unified Twitter Taxonomy,Elon Musk,Unified Twitter Taxonomy,Tech personalities,
1,Person,Elon Musk,Interests and Hobbies Vertical,Business & finance,Interests and Hobbies Category,Leadership,Entities [Entity Service],Technology,Unified Twitter Taxonomy,Elon Musk,Unified Twitter Taxonomy,Tech personalities,
1,Person,Elon Musk,Interests and Hobbies Vertical,Business & finance,Interests and Hobbies Category,Leadership,Entities [Entity Service],Technology,Unified Twitter Taxonomy,Elon Musk,Unified Twitter Taxonomy,Tech personalities,
1,Person,Elon Musk,Entities [Entity Service],Services,Brand,Twitter,Interests and Hobbies Vertical,Business & finance,Interests and Hobbies Category,Leadership,Entities [Entity Service],Technology,"[0.9831, 'Twitter', 'Other']"
1,Person,Elon Musk,Interests and Hobbies Vertical,Business & finance,Interests and Hobbies Category,Leadership,Entities [Entity Service],Technology,Unified Twitter Taxonomy,Elon Musk,Unified Twitter Taxonomy,Tech personalities,"[0.5335, 'Coca-Cola', 'Other']"
1,Person,Elon Musk,Entities [Entity Service],Services,Brand,Twitter,Interests and Hobbies Vertical,Business & finance,Interests and Hobbies Category,Leadership,Entities [Entity Service],Technology,"[0.933, 'Twitter', 'Other']"
1,Person,Elon Musk,Entities [Entity Service],Services,Brand,Twitter,Interests and Hobbies Vertical,Business & finance,Interests and Hobbies Category,Leadership,Entities [Entity Service],Technology,"[0.9789, 'Twitter', 'Other']"
1,Person,Elon Musk,Interests and Hobbies Vertical,Business & finance,Interests and Hobbies Category,Leadership,Entities [Entity Service],Technology,Unified Twitter Taxonomy,Elon Musk,Unified Twitter Taxonomy,Tech personalities,
1,Person,Elon Musk,Interests and Hobbies Vertical,Business & finance,Interests and Hobbies Category,Leadership,Entities [Entity Service],Technology,Unified Twitter Taxonomy,Elon Musk,Unified Twitter Taxonomy,Tech personalities,"[0.376, 'Trumpet', 'Other']"
1,Unified Twitter Taxonomy,Truth Social,Person,Elon Musk,Entities [Entity Service],Services,Brand,Twitter,Interests and Hobbies Vertical,Business & finance,Interests and Hobbies Category,Leadership,"[0.9742, 'Twitter', 'Other']"
1,Brand,Apple,Brand,TikTok,Unified Twitter Taxonomy,Apple,Unified Twitter Taxonomy,Truth Social,Person,Elon Musk,Entities [Entity Service],Services,"[0.9852, 'Twitter', 'Other']"
1,Person,Elon Musk,Interests and Hobbies Vertical,Business & finance,Interests and Hobbies Category,Leadership,Entities [Entity Service],Technology,Unified Twitter Taxonomy,Elon Musk,Unified Twitter Taxonomy,Tech personalities,
1,Person,Elon Musk,Interests and Hobbies Vertical,Business & finance,Interests and Hobbies Category,Leadership,Entities [Entity Service],Technology,Unified Twitter Taxonomy,Elon Musk,Unified Twitter Taxonomy,Tech personalities,"[0.4871, '2', 'Other']"
1,Person,Elon Musk,Interests and Hobbies Vertical,Business & finance,Interests and Hobbies Category,Leadership,Entities [Entity Service],Technology,Unified Twitter Taxonomy,Elon Musk,Unified Twitter Taxonomy,Tech personalities,
1,Person,Elon Musk,Interests and Hobbies Vertical,Business & finance,Interests and Hobbies Category,Leadership,Entities [Entity Service],Technology,Unified Twitter Taxonomy,Elon Musk,Unified Twitter Taxonomy,Tech personalities,
1,Person,Elon Musk,Interests and Hobbies Vertical,Business & finance,Interests and Hobbies Category,Leadership,Entities [Entity Service],Technology,Unified Twitter Taxonomy,Elon Musk,Unified Twitter Taxonomy,Tech personalities,
1,Person,Elon Musk,Entities [Entity Service],Services,Brand,Twitter,Interests and Hobbies Vertical,Business & finance,Interests and Hobbies Category,Leadership,Entities [Entity Service],Technology,"[0.9772, 'Twitter', 'Other']"
1,Person,Elon Musk,Interests and Hobbies Vertical,Business & finance,Interests and Hobbies Category,Leadership,Entities [Entity Service],Technology,Unified Twitter Taxonomy,Elon Musk,Unified Twitter Taxonomy,Tech personalities,
1,Unified Twitter Taxonomy,Climate change,Person,Elon Musk,Entities [Entity Service],Auto Manufacturer - Auto,Brand,Tesla Motors,Interests and Hobbies Vertical,Business & finance,Interests and Hobbies Vertical,Automotive,"[0.8767, 'Gates', 'Person']"
1,Person,Elon Musk,Interests and Hobbies Vertical,Business & finance,Interests and Hobbies Category,Leadership,Entities [Entity Service],Technology,Unified Twitter Taxonomy,Elon Musk,Unified Twitter Taxonomy,Tech personalities,
1,Person,Elon Musk,Entities [Entity Service],Services,Brand,Twitter,Interests and Hobbies Vertical,Business & finance,Interests and Hobbies Category,Leadership,Entities [Entity Service],Technology,"[0.4223, 'shadow', 'Other']"
1,Person,Elon Musk,Interests and Hobbies Vertical,Business & finance,Interests and Hobbies Category,Leadership,Entities [Entity Service],Technology,Unified Twitter Taxonomy,Elon Musk,Unified Twitter Taxonomy,Tech personalities,
1,Person,Elon Musk,Interests and Hobbies Vertical,Business & finance,Interests and Hobbies Category,Leadership,Entities [Entity Service],Technology,Unified Twitter Taxonomy,Elon Musk,Unified Twitter Taxonomy,Tech personalities,
1,Person,Elon Musk,Interests and Hobbies Vertical,Business & finance,Interests and Hobbies Category,Leadership,Entities [Entity Service],Technology,Unified Twitter Taxonomy,Elon Musk,Unified Twitter Taxonomy,Tech personalities,"[0.4278, 'Barbarians', 'Other']"
1,Person,Elon Musk,Interests and Hobbies Vertical,Business & finance,Interests and Hobbies Category,Leadership,Entities [Entity Service],Technology,Unified Twitter Taxonomy,Elon Musk,Unified Twitter Taxonomy,Tech personalities,
1,Person,Elon Musk,Interests and Hobbies Vertical,Business & finance,Interests and Hobbies Category,Leadership,Entities [Entity Service],Technology,Unified Twitter Taxonomy,Elon Musk,Unified Twitter Taxonomy,Tech personalities,
1,Person,Elon Musk,Interests and Hobbies Vertical,Business & finance,Interests and Hobbies Category,Leadership,Entities [Entity Service],Technology,Unified Twitter Taxonomy,Elon Musk,Unified Twitter Taxonomy,Tech personalities,
1,Person,Elon Musk,Interests and Hobbies Vertical,Business & finance,Interests and Hobbies Category,Leadership,Entities [Entity Service],Technology,Unified Twitter Taxonomy,Elon Musk,Unified Twitter Taxonomy,Tech personalities,
1,Person,Elon Musk,Entities [Entity Service],Services,Brand,Twitter,Interests and Hobbies Vertical,Business & finance,Interests and Hobbies Category,Leadership,Entities [Entity Service],Technology,"[0.9623, 'twitter', 'Other']"
1,Entities [Entity Service],Aerospace,Brand,SpaceX,Entities [Entity Service],Science,Interests and Hobbies Category,Space,Unified Twitter Taxonomy,Space,Unified Twitter Taxonomy,SpaceX,"[0.8786, 'SpaceX', 'Organization']"
1,Interests and Hobbies,Traffic,Person,Elon Musk,Interests and Hobbies Vertical,Business & finance,Interests and Hobbies Vertical,Business & finance,Interests and Hobbies Category,Personal finance,Interests and Hobbies Category,Investors and patents,"[0.7754, 'The Boring Company', 'Other']"
1,Person,Elon Musk,Interests and Hobbies Vertical,Business & finance,Interests and Hobbies Category,Leadership,Entities [Entity Service],Technology,Unified Twitter Taxonomy,Elon Musk,Unified Twitter Taxonomy,Tech personalities,
1,Unified Twitter Taxonomy,Social media,Technology,Social media,Person,Elon Musk,Interests and Hobbies Vertical,Business & finance,Interests and Hobbies Category,Leadership,Entities [Entity Service],Technology,
1,Entities [Entity Service],Aerospace,Brand,SpaceX,Entities [Entity Service],Science,Interests and Hobbies Category,Space,Unified Twitter Taxonomy,Space,Unified Twitter Taxonomy,Science,"[0.8114, 'SpaceX Falcon', 'Other']"
1,Person,Elon Musk,Interests and Hobbies Vertical,Business & finance,Interests and Hobbies Category,Leadership,Entities [Entity Service],Technology,Unified Twitter Taxonomy,Elon Musk,Unified Twitter Taxonomy,Tech personalities,
1,Events [Entity Service],Easter,Holiday,Easter,Unified Twitter Taxonomy,Easter,Person,Elon Musk,Interests and Hobbies Vertical,Business & finance,Interests and Hobbies Category,Leadership,
1,Person,Elon Musk,Interests and Hobbies Vertical,Business & finance,Interests and Hobbies Category,Leadership,Entities [Entity Service],Technology,Unified Twitter Taxonomy,Elon Musk,Unified Twitter Taxonomy,Tech personalities,
1,Person,Elon Musk,Interests and Hobbies Vertical,Business & finance,Interests and Hobbies Category,Leadership,Entities [Entity Service],Technology,Unified Twitter Taxonomy,Elon Musk,Unified Twitter Taxonomy,Tech personalities,"[0.8605, 'Love Me Tender', 'Other']"
1,Person,Elon Musk,Entities [Entity Service],Services,Brand,Twitter,Interests and Hobbies Vertical,Business & finance,Interests and Hobbies Category,Leadership,Entities [Entity Service],Technology,
1,Person,Elon Musk,Interests and Hobbies Vertical,Business & finance,Interests and Hobbies Category,Leadership,Entities [Entity Service],Technology,Unified Twitter Taxonomy,Elon Musk,Unified Twitter Taxonomy,Tech personalities,
1,Person,Elon Musk,Interests and Hobbies Vertical,Business & finance,Interests and Hobbies Category,Leadership,Entities [Entity Service],Technology,Unified Twitter Taxonomy,Elon Musk,Unified Twitter Taxonomy,Tech personalities,
1,Person,Elon Musk,Entities [Entity Service],Services,Brand,Twitter,Interests and Hobbies Vertical,Business & finance,Interests and Hobbies Category,Leadership,Entities [Entity Service],Technology,"[0.9767, 'Twitter', 'Other']"
1,Person,Elon Musk,Entities [Entity Service],Services,Brand,Twitter,Interests and Hobbies Vertical,Business & finance,Interests and Hobbies Category,Leadership,Entities [Entity Service],Technology,"[0.9812, 'Twitter', 'Other']"
1,Person,Elon Musk,Interests and Hobbies Vertical,Business & finance,Interests and Hobbies Category,Leadership,Entities [Entity Service],Technology,Unified Twitter Taxonomy,Elon Musk,Unified Twitter Taxonomy,Tech personalities,
1,Person,Elon Musk,Interests and Hobbies Vertical,Business & finance,Interests and Hobbies Category,Leadership,Entities [Entity Service],Technology,Unified Twitter Taxonomy,Elon Musk,Unified Twitter Taxonomy,Tech personalities,"[0.9793, 'Truman Show', 'Other']"
1,Person,Elon Musk,Interests and Hobbies Vertical,Business & finance,Interests and Hobbies Category,Leadership,Entities [Entity Service],Technology,Unified Twitter Taxonomy,Elon Musk,Unified Twitter Taxonomy,Tech personalities,
1,Person,Elon Musk,Interests and Hobbies Vertical,Business & finance,Interests and Hobbies Category,Leadership,Entities [Entity Service],Technology,Unified Twitter Taxonomy,Elon Musk,Unified Twitter Taxonomy,Tech personalities,
1,Unified Twitter Taxonomy,Music,Person,Justin Bieber,Person,Elon Musk,Musician,Justin Bieber,Interests and Hobbies Vertical,Business & finance,Interests and Hobbies Category,Leadership,
1,Unified Twitter Taxonomy,Music,Person,Taylor Swift,Person,Elon Musk,Musician,Taylor Swift,Music Genre,Pop,Interests and Hobbies Vertical,Business & finance,
1,TV Shows,Premier League,Sports Event,Everton FC vs Manchester United,Person,Rihanna,Sport,Soccer,Sports League,England - Soccer,Sports League,Premier League,"[0.9701, 'Twitter', 'Other']"
1,Person,Elon Musk,Brand Vertical,Entertainment,Entities [Entity Service],TV/Movies Related - Entertainment,Brand,The Weather Channel,Interests and Hobbies Vertical,Business & finance,Interests and Hobbies Category,Leadership,
1,Person,Elon Musk,Entities [Entity Service],Auto Manufacturer - Auto,Brand,Tesla Motors,Interests and Hobbies Vertical,Business & finance,Interests and Hobbies Vertical,Automotive,Interests and Hobbies Category,Hybrid and electric vehicles,"[0.5045, 'Tesla Texas', 'Organization']"
1,Person,Elon Musk,Interests and Hobbies Vertical,Business & finance,Interests and Hobbies Category,Leadership,Entities [Entity Service],Technology,Unified Twitter Taxonomy,Elon Musk,Unified Twitter Taxonomy,Tech personalities,
1,Person,Elon Musk,Interests and Hobbies Vertical,Business & finance,Interests and Hobbies Category,Leadership,Entities [Entity Service],Technology,Unified Twitter Taxonomy,Elon Musk,Unified Twitter Taxonomy,Tech personalities,
1,Person,Elon Musk,Interests and Hobbies Vertical,Business & finance,Interests and Hobbies Category,Leadership,Entities [Entity Service],Technology,Unified Twitter Taxonomy,Elon Musk,Unified Twitter Taxonomy,Tech personalities,
1,Person,Elon Musk,Interests and Hobbies Vertical,Business & finance,Interests and Hobbies Category,Leadership,Entities [Entity Service],Technology,Unified Twitter Taxonomy,Elon Musk,Unified Twitter Taxonomy,Tech personalities,
1,Person,Elon Musk,Interests and Hobbies Vertical,Business & finance,Interests and Hobbies Category,Leadership,Entities [Entity Service],Technology,Unified Twitter Taxonomy,Elon Musk,Unified Twitter Taxonomy,Tech personalities,
1,Person,Elon Musk,Interests and Hobbies Vertical,Business & finance,Interests and Hobbies Category,Leadership,Entities [Entity Service],Technology,Unified Twitter Taxonomy,Elon Musk,Unified Twitter Taxonomy,Tech personalities,
1,Person,Elon Musk,Interests and Hobbies Vertical,Business & finance,Interests and Hobbies Category,Leadership,Entities [Entity Service],Technology,Unified Twitter Taxonomy,Elon Musk,Unified Twitter Taxonomy,Tech personalities,
1,Person,Elon Musk,Interests and Hobbies Vertical,Business & finance,Interests and Hobbies Category,Leadership,Entities [Entity Service],Technology,Unified Twitter Taxonomy,Elon Musk,Unified Twitter Taxonomy,Tech personalities,"[0.8969, 'Texas', 'Place']"
1,Person,Elon Musk,Interests and Hobbies Vertical,Business & finance,Interests and Hobbies Category,Leadership,Entities [Entity Service],Technology,Unified Twitter Taxonomy,Elon Musk,Unified Twitter Taxonomy,Tech personalities,
1,Person,Elon Musk,Interests and Hobbies Vertical,Business & finance,Interests and Hobbies Category,Leadership,Entities [Entity Service],Technology,Unified Twitter Taxonomy,Elon Musk,Unified Twitter Taxonomy,Tech personalities,
1,Person,Elon Musk,Interests and Hobbies Vertical,Business & finance,Interests and Hobbies Category,Leadership,Entities [Entity Service],Technology,Unified Twitter Taxonomy,Elon Musk,Unified Twitter Taxonomy,Tech personalities,
1,Person,Elon Musk,Interests and Hobbies Vertical,Business & finance,Interests and Hobbies Category,Leadership,Entities [Entity Service],Technology,Unified Twitter Taxonomy,Elon Musk,Unified Twitter Taxonomy,Tech personalities,
1,Person,Elon Musk,Interests and Hobbies Vertical,Business & finance,Interests and Hobbies Category,Leadership,Entities [Entity Service],Technology,Unified Twitter Taxonomy,Elon Musk,Unified Twitter Taxonomy,Tech personalities,
1,Person,Elon Musk,Interests and Hobbies Vertical,Business & finance,Interests and Hobbies Category,Leadership,Entities [Entity Service],Technology,Unified Twitter Taxonomy,Elon Musk,Unified Twitter Taxonomy,Tech personalities,
1,Person,Elon Musk,Interests and Hobbies Vertical,Business & finance,Interests and Hobbies Category,Leadership,Entities [Entity Service],Technology,Unified Twitter Taxonomy,Elon Musk,Unified Twitter Taxonomy,Tech personalities,
1,Person,Elon Musk,Interests and Hobbies Vertical,Business & finance,Interests and Hobbies Category,Leadership,Entities [Entity Service],Technology,Unified Twitter Taxonomy,Elon Musk,Unified Twitter Taxonomy,Tech personalities,
1,Person,Elon Musk,Interests and Hobbies Vertical,Business & finance,Interests and Hobbies Category,Leadership,Entities [Entity Service],Technology,Unified Twitter Taxonomy,Elon Musk,Unified Twitter Taxonomy,Tech personalities,
1,Person,Elon Musk,Interests and Hobbies Vertical,Business & finance,Interests and Hobbies Category,Leadership,Entities [Entity Service],Technology,Unified Twitter Taxonomy,Elon Musk,Unified Twitter Taxonomy,Tech personalities,
1,Person,Elon Musk,Interests and Hobbies Vertical,Business & finance,Interests and Hobbies Category,Leadership,Entities [Entity Service],Technology,Unified Twitter Taxonomy,Elon Musk,Unified Twitter Taxonomy,Tech personalities,
1,Person,Elon Musk,Interests and Hobbies Vertical,Business & finance,Interests and Hobbies Category,Leadership,Entities [Entity Service],Technology,Unified Twitter Taxonomy,Elon Musk,Unified Twitter Taxonomy,Tech personalities,"[0.8988, 'Berghain', 'Place']"
1,Person,Elon Musk,Interests and Hobbies Vertical,Business & finance,Interests and Hobbies Category,Leadership,Entities [Entity Service],Technology,Unified Twitter Taxonomy,Elon Musk,Unified Twitter Taxonomy,Tech personalities,
1,Person,Elon Musk,Interests and Hobbies Vertical,Business & finance,Interests and Hobbies Category,Leadership,Entities [Entity Service],Technology,Unified Twitter Taxonomy,Elon Musk,Unified Twitter Taxonomy,Tech personalities,
1,Person,Elon Musk,Interests and Hobbies Vertical,Business & finance,Interests and Hobbies Category,Leadership,Entities [Entity Service],Technology,Unified Twitter Taxonomy,Elon Musk,Unified Twitter Taxonomy,Tech personalities,
1,Person,Elon Musk,Interests and Hobbies Vertical,Business & finance,Interests and Hobbies Category,Leadership,Entities [Entity Service],Technology,Unified Twitter Taxonomy,Elon Musk,Unified Twitter Taxonomy,Tech personalities,
1,Unified Twitter Taxonomy,Climate change,Person,Elon Musk,Interests and Hobbies Vertical,Business & finance,Interests and Hobbies Category,Leadership,Entities [Entity Service],Technology,Unified Twitter Taxonomy,Elon Musk,
1,Person,Elon Musk,Interests and Hobbies Vertical,Business & finance,Interests and Hobbies Category,Leadership,Entities [Entity Service],Technology,Unified Twitter Taxonomy,Elon Musk,Unified Twitter Taxonomy,Tech personalities,"[0.8628, 'Starlink', 'Other']"
1,Events [Entity Service],SpaceX launches Crew Dragon with two NASA astronauts onboard,Entities [Entity Service],Aerospace,Brand,SpaceX,Entities [Entity Service],Science,Interests and Hobbies Category,Space,Unified Twitter Taxonomy,Space,"[0.8389, 'SpaceX Falcon', 'Other']"
1,Person,Elon Musk,Interests and Hobbies Vertical,Business & finance,Interests and Hobbies Category,Leadership,Entities [Entity Service],Technology,Unified Twitter Taxonomy,Elon Musk,Unified Twitter Taxonomy,Tech personalities,
1,Person,Elon Musk,Interests and Hobbies Vertical,Business & finance,Interests and Hobbies Category,Leadership,Entities [Entity Service],Technology,Unified Twitter Taxonomy,Elon Musk,Unified Twitter Taxonomy,Tech personalities,
1,Ongoing News Story,COVID-19,Unified Twitter Taxonomy,COVID-19,Person,Elon Musk,Interests and Hobbies Vertical,Business & finance,Interests and Hobbies Category,Leadership,Entities [Entity Service],Technology,"[0.9868, 'Covid-19', 'Other']"
1,Person,Elon Musk,Interests and Hobbies Vertical,Business & finance,Interests and Hobbies Category,Leadership,Entities [Entity Service],Technology,Unified Twitter Taxonomy,Elon Musk,Unified Twitter Taxonomy,Tech personalities,
1,Person,Elon Musk,Interests and Hobbies Vertical,Business & finance,Interests and Hobbies Category,Leadership,Entities [Entity Service],Technology,Unified Twitter Taxonomy,Elon Musk,Unified Twitter Taxonomy,Tech personalities,
1,Person,Elon Musk,Entities [Entity Service],Services,Brand,Twitter,Interests and Hobbies Vertical,Business & finance,Interests and Hobbies Category,Leadership,Entities [Entity Service],Technology,"[0.9855, 'Twitter', 'Other']"
1,Person,Elon Musk,Interests and Hobbies Vertical,Business & finance,Interests and Hobbies Category,Leadership,Entities [Entity Service],Technology,Unified Twitter Taxonomy,Elon Musk,Unified Twitter Taxonomy,Tech personalities,
1,Person,Elon Musk,Interests and Hobbies Vertical,Business & finance,Interests and Hobbies Category,Leadership,Entities [Entity Service],Technology,Unified Twitter Taxonomy,Elon Musk,Unified Twitter Taxonomy,Tech personalities,
1,Person,Elon Musk,Entities [Entity Service],Services,Brand,Twitter,Interests and Hobbies Vertical,Business & finance,Interests and Hobbies Category,Leadership,Entities [Entity Service],Technology,"[0.9843, 'Twitter', 'Other']"
1,Person,Elon Musk,Interests and Hobbies Vertical,Business & finance,Interests and Hobbies Category,Leadership,Entities [Entity Service],Technology,Unified Twitter Taxonomy,Elon Musk,Unified Twitter Taxonomy,Tech personalities,
1,Person,Elon Musk,Interests and Hobbies Vertical,Business & finance,Interests and Hobbies Category,Leadership,Entities [Entity Service],Technology,Unified Twitter Taxonomy,Elon Musk,Unified Twitter Taxonomy,Tech personalities,
1,Person,Elon Musk,Interests and Hobbies Vertical,Business & finance,Interests and Hobbies Category,Leadership,Entities [Entity Service],Technology,Unified Twitter Taxonomy,Elon Musk,Unified Twitter Taxonomy,Tech personalities,
1,Person,Elon Musk,Interests and Hobbies Vertical,Business & finance,Interests and Hobbies Category,Leadership,Entities [Entity Service],Technology,Unified Twitter Taxonomy,Elon Musk,Unified Twitter Taxonomy,Tech personalities,"[0.9776, 'Gaslight', 'Other']"
1,Events [Entity Service],SpaceX launches Crew Dragon with two NASA astronauts onboard,Entities [Entity Service],Aerospace,Brand,NASA,Entities [Entity Service],Science,Interests and Hobbies Category,Space,Unified Twitter Taxonomy,Space,
1,Person,Elon Musk,Entities [Entity Service],Services,Brand,Twitter,Interests and Hobbies Vertical,Business & finance,Entities [Entity Service],Technology,Interests and Hobbies Category,Computer programming,"[0.9733, 'Twitter', 'Other']"
1,Person,Elon Musk,Interests and Hobbies Vertical,Business & finance,Interests and Hobbies Category,Leadership,Entities [Entity Service],Technology,Unified Twitter Taxonomy,Elon Musk,Unified Twitter Taxonomy,Tech personalities,
1,Person,Elon Musk,Interests and Hobbies Vertical,Business & finance,Interests and Hobbies Category,Leadership,Entities [Entity Service],Technology,Unified Twitter Taxonomy,Elon Musk,Unified Twitter Taxonomy,Tech personalities,"[0.7671, 'Brandenburg', 'Place']"
1,Person,Elon Musk,Interests and Hobbies Vertical,Business & finance,Interests and Hobbies Category,Leadership,Entities [Entity Service],Technology,Unified Twitter Taxonomy,Elon Musk,Unified Twitter Taxonomy,Tech personalities,
1,Events [Entity Service],SpaceX launches Crew Dragon with two NASA astronauts onboard,Interests and Hobbies Category,Space,Unified Twitter Taxonomy,Space,Person,Elon Musk,Interests and Hobbies Vertical,Business & finance,Interests and Hobbies Category,Leadership,"[0.8639, 'Falcon 9', 'Other']"
1,Person,Elon Musk,Interests and Hobbies Vertical,Business & finance,Interests and Hobbies Category,Leadership,Entities [Entity Service],Technology,Unified Twitter Taxonomy,Elon Musk,Unified Twitter Taxonomy,Tech personalities,
1,Person,Elon Musk,Interests and Hobbies Vertical,Business & finance,Interests and Hobbies Category,Leadership,Entities [Entity Service],Technology,Unified Twitter Taxonomy,Elon Musk,Unified Twitter Taxonomy,Tech personalities,
1,Person,Elon Musk,Interests and Hobbies Vertical,Business & finance,Interests and Hobbies Category,Leadership,Entities [Entity Service],Technology,Unified Twitter Taxonomy,Elon Musk,Unified Twitter Taxonomy,Tech personalities,
1,Brand Vertical,Transportation,Entities [Entity Service],Aerospace,Brand,SpaceX,Entities [Entity Service],Technology,Entities [Entity Service],Science,Interests and Hobbies Category,Space,"[0.9597, 'Tesla', 'Organization']"
1,Person,Elon Musk,Interests and Hobbies Vertical,Business & finance,Interests and Hobbies Category,Leadership,Entities [Entity Service],Technology,Unified Twitter Taxonomy,Elon Musk,Unified Twitter Taxonomy,Tech personalities,
1,Person,Elon Musk,Interests and Hobbies Vertical,Business & finance,Interests and Hobbies Category,Leadership,Entities [Entity Service],Technology,Unified Twitter Taxonomy,Elon Musk,Unified Twitter Taxonomy,Tech personalities,"[0.8575, 'Master Plan Part', 'Other']"
1,Person,Elon Musk,Interests and Hobbies Vertical,Business & finance,Interests and Hobbies Category,Leadership,Entities [Entity Service],Technology,Unified Twitter Taxonomy,Elon Musk,Unified Twitter Taxonomy,Tech personalities,"[0.799, 'Elona', 'Person']"
1,Person,Elon Musk,Interests and Hobbies Vertical,Business & finance,Interests and Hobbies Category,Leadership,Entities [Entity Service],Technology,Unified Twitter Taxonomy,Elon Musk,Unified Twitter Taxonomy,Tech personalities,"[0.8567, 'Telegram', 'Other']"
1,Entities [Entity Service],Aerospace,Brand,SpaceX,Entities [Entity Service],Science,Interests and Hobbies Category,Space,Unified Twitter Taxonomy,Space,Unified Twitter Taxonomy,SpaceX,"[0.77, 'SpaceX', 'Other']"
1,Ongoing News Story,Russo-Ukrainian conflict,Person,Elon Musk,Interests and Hobbies Vertical,Business & finance,Interests and Hobbies Category,Leadership,Entities [Entity Service],Technology,Unified Twitter Taxonomy,Elon Musk,
1,Ongoing News Story,Russo-Ukrainian conflict,Person,Elon Musk,Person,Vladimir Putin,Politician,Vladimir Putin,Interests and Hobbies Vertical,Business & finance,Interests and Hobbies Category,Leadership,
1,Person,Elon Musk,Interests and Hobbies Vertical,Business & finance,Interests and Hobbies Category,Leadership,Entities [Entity Service],Technology,Unified Twitter Taxonomy,Elon Musk,Unified Twitter Taxonomy,Tech personalities,
1,Person,Elon Musk,Interests and Hobbies Vertical,Business & finance,Interests and Hobbies Category,Leadership,Entities [Entity Service],Technology,Unified Twitter Taxonomy,Elon Musk,Unified Twitter Taxonomy,Tech personalities,
1,Person,Elon Musk,Interests and Hobbies Vertical,Business & finance,Interests and Hobbies Category,Leadership,Entities [Entity Service],Technology,Unified Twitter Taxonomy,Elon Musk,Unified Twitter Taxonomy,Tech personalities,
1,Person,Elon Musk,Interests and Hobbies Vertical,Business & finance,Interests and Hobbies Category,Leadership,Entities [Entity Service],Technology,Unified Twitter Taxonomy,Elon Musk,Unified Twitter Taxonomy,Tech personalities,
1,Person,Elon Musk,Interests and Hobbies Vertical,Business & finance,Interests and Hobbies Category,Leadership,Entities [Entity Service],Technology,Unified Twitter Taxonomy,Elon Musk,Unified Twitter Taxonomy,Tech personalities,
1,Entities [Entity Service],Aerospace,Brand,SpaceX,Entities [Entity Service],Science,Interests and Hobbies Category,Space,Interests and Hobbies,Inflation,Unified Twitter Taxonomy,Space,"[0.9813, 'Tesla', 'Organization']"
1,Interests and Hobbies,Inflation,Person,Elon Musk,Interests and Hobbies Vertical,Business & finance,Interests and Hobbies Category,Leadership,Entities [Entity Service],Technology,Unified Twitter Taxonomy,Elon Musk,
1,Person,Elon Musk,Interests and Hobbies Vertical,Business & finance,Interests and Hobbies Category,Leadership,Entities [Entity Service],Technology,Unified Twitter Taxonomy,Elon Musk,Unified Twitter Taxonomy,Tech personalities,"[0.8047, 'Fifteen Decisive Battles of the World', 'Other']"
1,Person,Elon Musk,Interests and Hobbies Vertical,Business & finance,Interests and Hobbies Category,Leadership,Entities [Entity Service],Technology,Unified Twitter Taxonomy,Elon Musk,Unified Twitter Taxonomy,Tech personalities,"[0.6721, 'Starlinks', 'Other']"
1,Person,Elon Musk,Interests and Hobbies Vertical,Business & finance,Interests and Hobbies Category,Leadership,Entities [Entity Service],Technology,Unified Twitter Taxonomy,Elon Musk,Unified Twitter Taxonomy,Tech personalities,
1,Person,Elon Musk,Interests and Hobbies Vertical,Business & finance,Interests and Hobbies Category,Leadership,Entities [Entity Service],Technology,Unified Twitter Taxonomy,Elon Musk,Unified Twitter Taxonomy,Tech personalities,
1,Ongoing News Story,Russo-Ukrainian conflict,Unified Twitter Taxonomy,Climate change,Person,Elon Musk,Interests and Hobbies Vertical,Business & finance,Interests and Hobbies Category,Leadership,Entities [Entity Service],Technology,
1,Entities [Entity Service],Food,Interests and Hobbies,Food experience,Person,Elon Musk,Interests and Hobbies Vertical,Business & finance,Interests and Hobbies Category,Leadership,Entities [Entity Service],Technology,"[0.9737, 'Japan', 'Place']"
1,Ongoing News Story,Russo-Ukrainian conflict,Person,Elon Musk,Interests and Hobbies Vertical,Business & finance,Interests and Hobbies Category,Leadership,Entities [Entity Service],Technology,Unified Twitter Taxonomy,Elon Musk,"[0.9698, 'Europe', 'Place']"
1,Interests and Hobbies,Traffic,Person,Elon Musk,Interests and Hobbies Vertical,Business & finance,Interests and Hobbies Category,Leadership,Entities [Entity Service],Technology,Interests and Hobbies Category,Self-driving cars,
1,Interests and Hobbies,Traffic,Person,Elon Musk,Interests and Hobbies Vertical,Business & finance,Interests and Hobbies Category,Leadership,Entities [Entity Service],Technology,Unified Twitter Taxonomy,Elon Musk,
1,Entities [Entity Service],Technology,Entities [Entity Service],Artificial intelligence,Person,Elon Musk,Entities [Entity Service],Auto Manufacturer - Auto,Brand,Tesla Motors,Interests and Hobbies Vertical,Business & finance,"[0.7364, 'AI', 'Organization']"
1,Person,Elon Musk,Interests and Hobbies Vertical,Business & finance,Interests and Hobbies Category,Leadership,Entities [Entity Service],Technology,Unified Twitter Taxonomy,Elon Musk,Unified Twitter Taxonomy,Tech personalities,
1,News Vertical,Russia national news,Video Game,Starlink: Battle for Atlas,Ongoing News Story,Russo-Ukrainian conflict,Unified Twitter Taxonomy,Gaming,Unified Twitter Taxonomy,Starlink: Battle for Atlas,Unified Twitter Taxonomy,Video games,"[0.4455, 'Starlink', 'Other']"
1,Entities [Entity Service],Aerospace,Brand,SpaceX,Entities [Entity Service],Science,Interests and Hobbies Category,Space,Unified Twitter Taxonomy,Space,Unified Twitter Taxonomy,SpaceX,"[0.8245, 'SpaceX', 'Other']"
1,Ongoing News Story,Russo-Ukrainian conflict,Person,Elon Musk,Interests and Hobbies Vertical,Business & finance,Interests and Hobbies Category,Leadership,Entities [Entity Service],Technology,Unified Twitter Taxonomy,Elon Musk,"[0.9665, 'Russia', 'Place']"
1,Ongoing News Story,Russo-Ukrainian conflict,Person,Elon Musk,Interests and Hobbies Vertical,Business & finance,Interests and Hobbies Category,Leadership,Entities [Entity Service],Technology,Ongoing News Story,Russo-Ukrainian conflict,"[0.9185, 'Ukraine', 'Place']"
1,Ongoing News Story,Russo-Ukrainian conflict,Unified Twitter Taxonomy,Oil trading,Person,Elon Musk,Entities [Entity Service],Auto Manufacturer - Auto,Brand,Tesla Motors,Interests and Hobbies Vertical,Business & finance,"[0.9877, 'Tesla', 'Organization']"
1,Unified Twitter Taxonomy,Oil trading,Person,Elon Musk,Interests and Hobbies Vertical,Business & finance,Interests and Hobbies Category,Leadership,Entities [Entity Service],Technology,Unified Twitter Taxonomy,Elon Musk,
1,Video Game,Starlink: Battle for Atlas,Ongoing News Story,Russo-Ukrainian conflict,Unified Twitter Taxonomy,Gaming,Unified Twitter Taxonomy,Starlink: Battle for Atlas,Unified Twitter Taxonomy,Video games,Person,Elon Musk,"[0.7817, 'Starlink', 'Other']"
1,Person,Elon Musk,Interests and Hobbies Vertical,Business & finance,Interests and Hobbies Category,Leadership,Entities [Entity Service],Technology,Unified Twitter Taxonomy,Elon Musk,Unified Twitter Taxonomy,Tech personalities,
1,Person,Elon Musk,Interests and Hobbies Vertical,Business & finance,Interests and Hobbies Category,Leadership,Entities [Entity Service],Technology,Unified Twitter Taxonomy,Elon Musk,Unified Twitter Taxonomy,Tech personalities,
1,Person,Elon Musk,Interests and Hobbies Vertical,Business & finance,Interests and Hobbies Category,Leadership,Entities [Entity Service],Technology,Unified Twitter Taxonomy,Elon Musk,Unified Twitter Taxonomy,Tech personalities,
1,Person,Elon Musk,Interests and Hobbies Vertical,Business & finance,Interests and Hobbies Category,Leadership,Entities [Entity Service],Technology,Unified Twitter Taxonomy,Elon Musk,Unified Twitter Taxonomy,Tech personalities,"[0.9516, 'M Night', 'Other']"
1,Person,Elon Musk,Interests and Hobbies Vertical,Business & finance,Interests and Hobbies Category,Leadership,Entities [Entity Service],Technology,Unified Twitter Taxonomy,Elon Musk,Unified Twitter Taxonomy,Tech personalities,"[0.4962, 'Entertainment', 'Other']"
1,Person,Elon Musk,Interests and Hobbies Vertical,Business & finance,Interests and Hobbies Category,Leadership,Entities [Entity Service],Technology,Unified Twitter Taxonomy,Elon Musk,Unified Twitter Taxonomy,Tech personalities,
1,Person,Elon Musk,Interests and Hobbies Vertical,Business & finance,Interests and Hobbies Category,Leadership,Entities [Entity Service],Technology,Unified Twitter Taxonomy,Elon Musk,Unified Twitter Taxonomy,Tech personalities,
1,Person,Elon Musk,Interests and Hobbies Vertical,Business & finance,Interests and Hobbies Category,Leadership,Entities [Entity Service],Technology,Unified Twitter Taxonomy,Elon Musk,Unified Twitter Taxonomy,Tech personalities,
1,Person,Elon Musk,Interests and Hobbies Vertical,Business & finance,Interests and Hobbies Category,Leadership,Entities [Entity Service],Technology,Unified Twitter Taxonomy,Elon Musk,Unified Twitter Taxonomy,Tech personalities,
1,Person,Elon Musk,Interests and Hobbies Vertical,Business & finance,Interests and Hobbies Category,Leadership,Entities [Entity Service],Technology,Unified Twitter Taxonomy,Elon Musk,Unified Twitter Taxonomy,Tech personalities,
1,Person,Elon Musk,Interests and Hobbies Vertical,Business & finance,Interests and Hobbies Category,Leadership,Entities [Entity Service],Technology,Unified Twitter Taxonomy,Elon Musk,Unified Twitter Taxonomy,Tech personalities,
1,Person,Elon Musk,Interests and Hobbies Vertical,Business & finance,Interests and Hobbies Category,Leadership,Entities [Entity Service],Technology,Unified Twitter Taxonomy,Elon Musk,Unified Twitter Taxonomy,Tech personalities,
1,Person,Elon Musk,Interests and Hobbies Vertical,Business & finance,Interests and Hobbies Category,Leadership,Entities [Entity Service],Technology,Unified Twitter Taxonomy,Elon Musk,Unified Twitter Taxonomy,Tech personalities,"[0.5672, 'Mars', 'Other']"
1,Video Game,Starlink: Battle for Atlas,Unified Twitter Taxonomy,Gaming,Unified Twitter Taxonomy,Starlink: Battle for Atlas,Unified Twitter Taxonomy,Video games,Person,Elon Musk,Interests and Hobbies Vertical,Business & finance,"[0.8511, 'Starlink', 'Other']"
1,Person,Elon Musk,Interests and Hobbies Vertical,Business & finance,Interests and Hobbies Category,Leadership,Entities [Entity Service],Technology,Unified Twitter Taxonomy,Elon Musk,Unified Twitter Taxonomy,Tech personalities,
1,Person,Elon Musk,Interests and Hobbies Vertical,Business & finance,Interests and Hobbies Category,Leadership,Entities [Entity Service],Technology,Unified Twitter Taxonomy,Elon Musk,Unified Twitter Taxonomy,Tech personalities,
1,Person,Elon Musk,Interests and Hobbies Vertical,Business & finance,Interests and Hobbies Category,Leadership,Entities [Entity Service],Technology,Unified Twitter Taxonomy,Elon Musk,Unified Twitter Taxonomy,Tech personalities,
1,Person,Elon Musk,Interests and Hobbies Vertical,Business & finance,Interests and Hobbies Category,Leadership,Entities [Entity Service],Technology,Unified Twitter Taxonomy,Elon Musk,Unified Twitter Taxonomy,Tech personalities,
1,Person,Elon Musk,Interests and Hobbies Vertical,Business & finance,Interests and Hobbies Category,Leadership,Entities [Entity Service],Technology,Unified Twitter Taxonomy,Elon Musk,Unified Twitter Taxonomy,Tech personalities,
1,Person,Elon Musk,Interests and Hobbies Vertical,Business & finance,Interests and Hobbies Category,Leadership,Entities [Entity Service],Technology,Unified Twitter Taxonomy,Elon Musk,Unified Twitter Taxonomy,Tech personalities,
1,Person,Elon Musk,Interests and Hobbies Vertical,Business & finance,Interests and Hobbies Category,Leadership,Entities [Entity Service],Technology,Unified Twitter Taxonomy,Elon Musk,Unified Twitter Taxonomy,Tech personalities,"[0.9291, 'Super Heavy Booster', 'Other']"
1,Person,Elon Musk,Interests and Hobbies Vertical,Business & finance,Interests and Hobbies Category,Leadership,Entities [Entity Service],Technology,Unified Twitter Taxonomy,Elon Musk,Unified Twitter Taxonomy,Tech personalities,
1,Unified Twitter Taxonomy,News,Unified Twitter Taxonomy,News outlets,Person,Elon Musk,Interests and Hobbies Vertical,Business & finance,Interests and Hobbies Category,Leadership,Entities [Entity Service],Technology,"[0.7434, 'Earth', 'Other']"
1,Person,Elon Musk,Interests and Hobbies Vertical,Business & finance,Interests and Hobbies Category,Leadership,Entities [Entity Service],Technology,Unified Twitter Taxonomy,Elon Musk,Unified Twitter Taxonomy,Tech personalities,
1,Person,Elon Musk,Interests and Hobbies Vertical,Business & finance,Interests and Hobbies Category,Leadership,Entities [Entity Service],Technology,Unified Twitter Taxonomy,Elon Musk,Unified Twitter Taxonomy,Tech personalities,
1,Person,Elon Musk,Interests and Hobbies Vertical,Business & finance,Interests and Hobbies Category,Leadership,Entities [Entity Service],Technology,Unified Twitter Taxonomy,Elon Musk,Unified Twitter Taxonomy,Tech personalities,
1,Person,Elon Musk,Interests and Hobbies Vertical,Business & finance,Interests and Hobbies Category,Leadership,Entities [Entity Service],Technology,Unified Twitter Taxonomy,Elon Musk,Unified Twitter Taxonomy,Tech personalities,
1,Person,Elon Musk,Interests and Hobbies Vertical,Business & finance,Interests and Hobbies Category,Leadership,Entities [Entity Service],Technology,Unified Twitter Taxonomy,Elon Musk,Unified Twitter Taxonomy,Tech personalities,
1,Events [Entity Service],SpaceX launches Crew Dragon with two NASA astronauts onboard,Brand Vertical,Transportation,Entities [Entity Service],Technology,Interests and Hobbies Category,Space,Unified Twitter Taxonomy,Transportation,Unified Twitter Taxonomy,Automotive,"[0.5152, 'Tesla', 'Other']"
1,Events [Entity Service],SpaceX launches Crew Dragon with two NASA astronauts onboard,Interests and Hobbies Category,Space,Unified Twitter Taxonomy,Space,Person,Elon Musk,Interests and Hobbies Vertical,Business & finance,Interests and Hobbies Category,Leadership,"[0.9694, 'Falcon 9', 'Other']"
1,Person,Elon Musk,Interests and Hobbies Vertical,Business & finance,Interests and Hobbies Category,Leadership,Entities [Entity Service],Technology,Unified Twitter Taxonomy,Elon Musk,Unified Twitter Taxonomy,Tech personalities,
1,Events [Entity Service],SpaceX launches Crew Dragon with two NASA astronauts onboard,Entities [Entity Service],Science,Interests and Hobbies Category,Space,Unified Twitter Taxonomy,Space,Unified Twitter Taxonomy,Solar System,Fields of study,Science,"[0.5286, 'Falcon', 'Other']"
1,Events [Entity Service],SpaceX launches Crew Dragon with two NASA astronauts onboard,Entities [Entity Service],Aerospace,Brand,SpaceX,Entities [Entity Service],Science,Interests and Hobbies Category,Space,Unified Twitter Taxonomy,Space,"[0.8412, 'SpaceX Falcon', 'Other']"
1,Entities [Entity Service],Aerospace,Brand,SpaceX,Entities [Entity Service],Science,Interests and Hobbies Category,Space,Unified Twitter Taxonomy,Space,Unified Twitter Taxonomy,SpaceX,"[0.7419, 'SpaceX', 'Other']"
1,Person,Elon Musk,Interests and Hobbies Vertical,Business & finance,Interests and Hobbies Category,Leadership,Entities [Entity Service],Technology,Unified Twitter Taxonomy,Elon Musk,Unified Twitter Taxonomy,Tech personalities,"[0.4768, 'Starbase', 'Place']"
1,Person,Elon Musk,Interests and Hobbies Vertical,Business & finance,Interests and Hobbies Category,Leadership,Entities [Entity Service],Technology,Unified Twitter Taxonomy,Elon Musk,Unified Twitter Taxonomy,Tech personalities,
1,Video Game,Starlink: Battle for Atlas,Unified Twitter Taxonomy,Gaming,Unified Twitter Taxonomy,Starlink: Battle for Atlas,Unified Twitter Taxonomy,Video games,Person,Elon Musk,Interests and Hobbies Vertical,Business & finance,"[0.7416, 'Starlink', 'Other']"
1,Ongoing News Story,COVID-19,Unified Twitter Taxonomy,COVID-19,Person,Elon Musk,Interests and Hobbies Vertical,Business & finance,Interests and Hobbies Category,Leadership,Entities [Entity Service],Technology,"[0.9718, 'Denmark', 'Place']"
1,Person,Elon Musk,Interests and Hobbies Vertical,Business & finance,Interests and Hobbies Category,Leadership,Entities [Entity Service],Technology,Unified Twitter Taxonomy,Elon Musk,Unified Twitter Taxonomy,Tech personalities,
1,Video Game,Halo,Video Game,Halo Infinite,Unified Twitter Taxonomy,Halo,Unified Twitter Taxonomy,Gaming,Unified Twitter Taxonomy,Video games,Person,Elon Musk,"[0.9457, 'Halo Infinite', 'Other']"
1,Person,Joe Biden,Person,Elon Musk,Politician,Joe Biden,Entities [Entity Service],Auto Manufacturer - Auto,Brand,Tesla Motors,Interests and Hobbies Vertical,Business & finance,"[0.9081, 'Tesla', 'Organization']"
1,Person,Elon Musk,Interests and Hobbies Vertical,Business & finance,Interests and Hobbies Category,Leadership,Entities [Entity Service],Technology,Unified Twitter Taxonomy,Elon Musk,Unified Twitter Taxonomy,Tech personalities,"[0.4541, 'Hitlers', 'Person']"
1,Person,Elon Musk,Interests and Hobbies Vertical,Business & finance,Interests and Hobbies Category,Leadership,Entities [Entity Service],Technology,Unified Twitter Taxonomy,Elon Musk,Unified Twitter Taxonomy,Tech personalities,
1,Person,Elon Musk,Interests and Hobbies Vertical,Business & finance,Interests and Hobbies Category,Leadership,Entities [Entity Service],Technology,Unified Twitter Taxonomy,Elon Musk,Unified Twitter Taxonomy,Tech personalities,
1,Person,Elon Musk,Interests and Hobbies Vertical,Business & finance,Interests and Hobbies Category,Leadership,Entities [Entity Service],Technology,Unified Twitter Taxonomy,Elon Musk,Unified Twitter Taxonomy,Tech personalities,"[0.9569, 'True Romance', 'Other']"
1,Person,Elon Musk,Interests and Hobbies Vertical,Business & finance,Interests and Hobbies Category,Leadership,Entities [Entity Service],Technology,Unified Twitter Taxonomy,Elon Musk,Unified Twitter Taxonomy,Tech personalities,"[0.9394, 'Mars', 'Place']"
1,Person,Elon Musk,Interests and Hobbies Vertical,Business & finance,Interests and Hobbies Category,Leadership,Entities [Entity Service],Technology,Unified Twitter Taxonomy,Elon Musk,Unified Twitter Taxonomy,Tech personalities,
